Allergy  ,Email
Onions,dtylor0@deviantart.com
Cumin,garonson1@hp.com
Garlic,kferrao2@list-manage.com
Butter,ohouseley3@mail.ru
Cilantro,tzorzoni4@pen.io
Tofu,smurrill5@i2i.jp
Yogurt,jbrosch6@cafepress.com
Salmon,vspowart7@sitemeter.com
Garlic,ttimmis8@comcast.net
Olive oil,fstrognell9@creativecommons.org
Tomatoes,ewheadona@is.gd
Potatoes,sibanb@ox.ac.uk
Coconut milk,mdacombec@harvard.edu
Tomatoes,dchownd@digg.com
Tomato paste,slicencee@merriam-webster.com
Olive oil,fmoulesf@storify.com
Oregano,gacombg@exblog.jp
Tofu,lmuttonh@upenn.edu
Bell peppers,cpriteri@wikimedia.org
Rice,awainmanj@ebay.co.uk
Tortillas,noscannillk@fastcompany.com
Butter,rmaccaguel@gnu.org
Chili flakes,vcaponm@soup.io
Bell peppers,kmccolln@ifeng.com
Cilantro,pallnutto@goo.ne.jp
Parmesan cheese,dsmallbonep@cdbaby.com
Soy sauce,nbrighamq@domainmarket.com
Garlic,lfieldersr@blogger.com
Cumin,dmiless@themeforest.net
Carrots,lappletont@pcworld.com
Quinoa,mchmarnyu@unc.edu
Tofu,twannanv@wikipedia.org
Tortillas,jhalheadw@t.co
Shrimp,btuplingx@privacy.gov.au
Parmesan cheese,chaddrelly@flickr.com
Rice,jimmsz@oracle.com
Pasta,jwillson10@bigcartel.com
Quinoa,jbonnet11@google.co.uk
Vinegar,lthonason12@nydailynews.com
Parsley,banniwell13@bloglovin.com
Chili flakes,kburchill14@canalblog.com
Coconut milk,cpridgeon15@last.fm
Pasta,twallington16@trellian.com
Tomato sauce,mshingfield17@is.gd
Tofu,mrowlin18@google.ca
Garlic,bastill19@123-reg.co.uk
Tomato sauce,wvanarsdalen1a@springer.com
Bread,pdelasalle1b@dedecms.com
Olive oil,gfrankish1c@artisteer.com
Potatoes,kmangeot1d@vk.com
Mushrooms,gvanichkin1e@cdc.gov
Flour,jedmonstone1f@tripadvisor.com
Soy sauce,jmcchruiter1g@wikispaces.com
Bell peppers,bmcwilliams1h@yolasite.com
Shrimp,vquilliam1i@ow.ly
Eggs,nmccarrick1j@youtube.com
Ground beef,hiorizzo1k@stumbleupon.com
Bell peppers,ggleaves1l@canalblog.com
Bread,ncamerati1m@deliciousdays.com
Tomatoes,dhattoe1n@merriam-webster.com
Tomato paste,esharpling1o@redcross.org
Bread,claidler1p@blogtalkradio.com
Ground beef,rwaggatt1q@gizmodo.com
Garlic,lsigge1r@timesonline.co.uk
Tofu,wpinnock1s@chronoengine.com
Cumin,bsigsworth1t@nydailynews.com
Flour,bgillean1u@army.mil
Chili flakes,cswires1v@seesaa.net
Tomato paste,lmosey1w@cloudflare.com
Rice,esprowles1x@desdev.cn
Heavy cream,mgrass1y@blog.com
Green onions,tmacglory1z@imageshack.us
Olive oil,lodoran20@a8.net
Salt,dmatschek21@altervista.org
Butter,vklehn22@nba.com
Eggs,gber23@economist.com
Chickpeas,kabsalom24@upenn.edu
Spinach,ahanwell25@mail.ru
Shrimp,mkeep26@wisc.edu
Heavy cream,tbruffell27@artisteer.com
Chicken breast,ebeaten28@hostgator.com
Chickpeas,azellmer29@mail.ru
Tomatoes,lluca2a@flickr.com
Chicken breast,mleander2b@goodreads.com
Tortillas,dfeldhuhn2c@goo.ne.jp
Basil,tormston2d@infoseek.co.jp
Cumin,rknowles2e@hatena.ne.jp
Parmesan cheese,easbery2f@nbcnews.com
Coconut milk,jondrousek2g@blinklist.com
Shrimp,maarons2h@shutterfly.com
Carrots,pakester2i@deviantart.com
Sugar,dbarg2j@nhs.uk
Sugar,stevelov2k@biblegateway.com
Tomatoes,cgiovanizio2l@archive.org
Tortillas,fmahody2m@chronoengine.com
Parmesan cheese,dburgoine2n@youtu.be
Flour,hben2o@tinyurl.com
Paprika,rguild2p@intel.com
Broccoli,mpyper2q@infoseek.co.jp
Bell peppers,wcannavan2r@imdb.com
Coconut milk,mhabershaw2s@comcast.net
Tofu,ccrosser2t@xrea.com
Eggs,icliffe2u@psu.edu
Oregano,bwhetnell2v@thetimes.co.uk
Potatoes,kskeggs2w@google.it
Pasta,esilber2x@digg.com
Paprika,ddowngate2y@blogger.com
Bell peppers,cuvedale2z@noaa.gov
Olive oil,adabernott30@odnoklassniki.ru
Flour,hberringer31@blinklist.com
Chickpeas,astockow32@msn.com
Soy sauce,ebrocklehurst33@springer.com
Tortillas,asievewright34@zimbio.com
Shrimp,dhinrichsen35@tripadvisor.com
Milk,bpolhill36@wp.com
Parmesan cheese,etokley37@hibu.com
Salt,hbarbe38@answers.com
Soy sauce,dsansbury39@mayoclinic.com
Tofu,fpadson3a@walmart.com
Shrimp,lrubinovitch3b@cornell.edu
Salmon,zwhitehair3c@mlb.com
Black pepper,dbenedikt3d@hexun.com
Milk,asheridan3e@yelp.com
Cumin,tkevern3f@cargocollective.com
Shrimp,ewegman3g@rediff.com
Potatoes,cboyles3h@harvard.edu
Paprika,ttebbet3i@quantcast.com
Tomatoes,gwozencroft3j@nymag.com
Soy sauce,lsadd3k@parallels.com
Cheddar cheese,tattew3l@vinaora.com
Black pepper,rdimitriou3m@a8.net
Butter,jrisbrough3n@t-online.de
Onions,mpickover3o@oracle.com
Carrots,dleathers3p@cbc.ca
Flour,kzorzutti3q@twitter.com
Flour,ocutmare3r@webs.com
Chicken breast,rweldon3s@istockphoto.com
Coconut milk,rsloan3t@ning.com
Carrots,ogiorgielli3u@ebay.co.uk
Milk,imustard3v@sbwire.com
Olive oil,etween3w@about.com
Tortillas,plozano3x@vkontakte.ru
Coconut milk,beickhoff3y@linkedin.com
Parmesan cheese,odammarell3z@thetimes.co.uk
Tortillas,csherry40@nsw.gov.au
Flour,tlucus41@whitehouse.gov
Soy sauce,evanoord42@51.la
Cumin,llopez43@chronoengine.com
Tortillas,abowbrick44@google.com
Bread,jlaurenzi45@ft.com
Oregano,cbarnaby46@tinyurl.com
Oregano,jneeson47@aol.com
Black beans,akennady48@cafepress.com
Flour,tnewgrosh49@prlog.org
Black pepper,fmitten4a@networksolutions.com
Heavy cream,mgregoli4b@usgs.gov
Vinegar,fobbard4c@nifty.com
Milk,jgardener4d@nationalgeographic.com
Green onions,adalligan4e@senate.gov
Heavy cream,sdrache4f@kickstarter.com
Tomato sauce,rgrubb4g@goo.gl
Parsley,kgrayling4h@shareasale.com
Garlic,lolrenshaw4i@facebook.com
Parmesan cheese,jhilary4j@istockphoto.com
Milk,faiton4k@un.org
Oregano,sseymer4l@utexas.edu
Pasta,imintram4m@reverbnation.com
Tortillas,lbeeton4n@wunderground.com
Carrots,epenning4o@gmpg.org
Chicken breast,jdymidowicz4p@ask.com
Paprika,kfish4q@paginegialle.it
Carrots,ccochet4r@prnewswire.com
Parsley,dgerssam4s@psu.edu
Milk,bwebburn4t@economist.com
Spinach,hdenisard4u@blogger.com
Broccoli,aoluby4v@oakley.com
Shrimp,bandrus4w@soundcloud.com
Heavy cream,kdensey4x@who.int
Shrimp,rmckeney4y@imgur.com
Potatoes,loutram4z@prlog.org
Mushrooms,wdufour50@delicious.com
Quinoa,alunam51@usa.gov
Black pepper,gdrohun52@cargocollective.com
Chickpeas,jedgar53@umich.edu
Olive oil,ablum54@cocolog-nifty.com
Coconut milk,rcattle55@bravesites.com
Soy sauce,mshakespear56@1und1.de
Milk,mrobey57@biglobe.ne.jp
Carrots,mmcginny58@earthlink.net
Paprika,bbyron59@goodreads.com
Broccoli,amapledoram5a@europa.eu
Carrots,zbattista5b@photobucket.com
Milk,hbelchambers5c@sun.com
Soy sauce,bedgecombe5d@yellowbook.com
Flour,vbuddock5e@drupal.org
Cheddar cheese,tdesporte5f@army.mil
Vinegar,npoyzer5g@theglobeandmail.com
Olive oil,edendon5h@berkeley.edu
Garlic,ebonnar5i@google.it
Heavy cream,rcarnduff5j@youtu.be
Mushrooms,jcurzey5k@webnode.com
Ground turkey,bjell5l@timesonline.co.uk
Salt,hdinneges5m@si.edu
Eggs,lveall5n@fastcompany.com
Cheddar cheese,ademalchar5o@nps.gov
Olive oil,rgovern5p@about.me
Ground turkey,cpilsbury5q@booking.com
Tomato paste,tgwyer5r@businesswire.com
Tomatoes,polifard5s@comcast.net
Green onions,adibb5t@google.com.br
Cumin,mkelsey5u@microsoft.com
Carrots,kboribal5v@gmpg.org
Olive oil,vgullane5w@vinaora.com
Oregano,vkoeppe5x@live.com
Carrots,apischof5y@barnesandnoble.com
Tofu,lclissett5z@go.com
Cumin,rlemerie60@cbslocal.com
Oregano,hdevo61@desdev.cn
Pasta,aasquith62@columbia.edu
Quinoa,kezzy63@themeforest.net
Cumin,gstachini64@japanpost.jp
Heavy cream,cdacke65@com.com
Green onions,lcrocket66@japanpost.jp
Coconut milk,wgelderd67@squidoo.com
Black beans,rfranz68@webmd.com
Butter,jbareford69@csmonitor.com
Olive oil,psquibbes6a@usda.gov
Tomatoes,merrey6b@smh.com.au
Ground turkey,amowne6c@godaddy.com
Olive oil,ccanete6d@whitehouse.gov
Tomato sauce,lmcturlough6e@about.com
Parmesan cheese,hyakubowicz6f@ifeng.com
Eggs,malford6g@merriam-webster.com
Tofu,jdownage6h@photobucket.com
Pasta,ebrittan6i@arstechnica.com
Salmon,sberetta6j@studiopress.com
Basil,ycarlisle6k@yahoo.co.jp
Flour,hnickols6l@java.com
Eggs,icyson6m@marriott.com
Oregano,tslateford6n@hud.gov
Mushrooms,svivien6o@scribd.com
Salmon,hgeertje6p@icio.us
Paprika,tsutherel6q@wiley.com
Rice,mhemeret6r@ezinearticles.com
Basil,hlowy6s@ebay.co.uk
Eggs,mguerriero6t@shop-pro.jp
Onions,wbromfield6u@sitemeter.com
Salt,dcocking6v@newsvine.com
Tofu,bdebernardi6w@biglobe.ne.jp
Basil,vhaddeston6x@harvard.edu
Bread,bpermain6y@meetup.com
Parsley,glouedey6z@chron.com
Cheddar cheese,jcooke70@goodreads.com
Oregano,gpesselt71@so-net.ne.jp
Ground beef,gcomoletti72@boston.com
Cheddar cheese,ssmorthwaite73@google.ca
Sugar,vsincock74@wordpress.com
Cumin,rmccomiskey75@pen.io
Coconut milk,gplaskitt76@mapquest.com
Tofu,ebowle77@sciencedirect.com
Black beans,ecartmer78@army.mil
Green onions,parnout79@e-recht24.de
Heavy cream,cbogges7a@bbc.co.uk
Tomatoes,balliban7b@sphinn.com
Black beans,esiviter7c@symantec.com
Cilantro,lscrimshaw7d@answers.com
Tomato paste,wgwinnell7e@bloglines.com
Tofu,apencost7f@biblegateway.com
Soy sauce,nknotte7g@google.cn
Soy sauce,ggillebride7h@godaddy.com
Pasta,crawlyns7i@spotify.com
Onions,cbirk7j@geocities.jp
Bread,mtarling7k@indiatimes.com
Basil,lbagster7l@w3.org
Oregano,jandretti7m@go.com
Bread,wlemerle7n@ebay.com
Salt,dgogay7o@tiny.cc
Shrimp,skeilloh7p@bloomberg.com
Sugar,dskeats7q@cmu.edu
Coconut milk,grecke7r@wikia.com
Parmesan cheese,ddarco7s@mysql.com
Potatoes,vtonsley7t@fda.gov
Garlic,sdanahar7u@blogtalkradio.com
Black pepper,rvannuchi7v@paginegialle.it
Oregano,gsimenel7w@zdnet.com
Cilantro,rlivezey7x@rakuten.co.jp
Soy sauce,cjosefsson7y@skype.com
Ground turkey,llamie7z@smugmug.com
Paprika,cmaclaren80@instagram.com
Black beans,tmurphey81@homestead.com
Eggs,drosenstiel82@fastcompany.com
Mushrooms,sdrohun83@youku.com
Cumin,alegerton84@godaddy.com
Broccoli,aselesnick85@hubpages.com
Green onions,mpipkin86@ustream.tv
Parmesan cheese,dchatelain87@eepurl.com
Cheddar cheese,heilhart88@e-recht24.de
Tomato paste,lcrier89@geocities.com
Quinoa,cpaschek8a@amazonaws.com
Ground turkey,kdorant8b@plala.or.jp
Onions,avolette8c@bravesites.com
Black beans,dbeddie8d@bloglines.com
Coconut milk,rwittey8e@constantcontact.com
Chickpeas,rmoyse8f@pinterest.com
Basil,ybatten8g@latimes.com
Bread,cwitard8h@nps.gov
Chickpeas,ijopling8i@hugedomains.com
Chili flakes,kpenburton8j@ning.com
Butter,nginnelly8k@tuttocitta.it
Milk,cmcness8l@live.com
Yogurt,cgonoude8m@paginegialle.it
Bread,gburghill8n@jigsy.com
Olive oil,rgrigg8o@cnet.com
Bread,kriccardi8p@cornell.edu
Coconut milk,tandriuzzi8q@lulu.com
Parsley,iduplantier8r@flavors.me
Mushrooms,deite8s@sphinn.com
Bread,dallsebrook8t@360.cn
Quinoa,aalbury8u@opera.com
Garlic,lglanz8v@eepurl.com
Chicken breast,csprackling8w@cam.ac.uk
Ground turkey,xseaborne8x@prlog.org
Yogurt,lmartynov8y@163.com
Yogurt,udesmond8z@utexas.edu
Chicken breast,bhewins90@cmu.edu
Tofu,jcron91@creativecommons.org
Chickpeas,sgledhall92@weather.com
Sugar,gcanti93@posterous.com
Onions,ratrill94@seesaa.net
Garlic,pcornfoot95@imageshack.us
Quinoa,pyoule96@sfgate.com
Milk,alilburne97@github.io
Tortillas,csandercock98@mtv.com
Chili flakes,lrivenzon99@sakura.ne.jp
Green onions,kocarran9a@seattletimes.com
Bread,jcariss9b@timesonline.co.uk
Carrots,spomfrey9c@zdnet.com
Tomato paste,lemanulsson9d@rediff.com
Tomato sauce,fportsmouth9e@disqus.com
Broccoli,mfishburn9f@hc360.com
Cilantro,lchorlton9g@sitemeter.com
Paprika,rbarens9h@webeden.co.uk
Tofu,lmatthews9i@dagondesign.com
Soy sauce,jdoughtery9j@sciencedirect.com
Ground beef,bsimonot9k@g.co
Soy sauce,rlaxston9l@myspace.com
Bread,mmelbury9m@dot.gov
Heavy cream,taris9n@constantcontact.com
Sugar,lmontier9o@posterous.com
Ground turkey,dsoutherton9p@narod.ru
,
,
,
,
,
,
,
,
,
,
,
,
,
,
,
,
,
,
,
,
,
,
,
,
,
,
,
,
,
,
,
,
,
,
,
,
,
,
,
,
,
,
,
,
,
,
,
,
,
,
,
,
,
,
,
,
,
,
,
,
,
,
,
,
,
,
,
,
,
,
,
,
,
,
,
,
,
,
,
,
,
,
,
,
,
,
,
,
,
,
,
,
,
,
,
,
,
,
,
,
,
,
,
,
,
,
,
,
,
,
,
,
,
,
,
,
,
,
,
,
,
,
,
,
,
,
,
,
,
,
,
,
,
,
,
,
,
,
,
,
,
,
,
,
,
,
,
,
,
,
,
,
,
,
,
,
,
,
,
,
,
,
,
,
,
,
,
,
,
,
,
,
,
,
,
,
,
,
,
,
,
,
,
,
,
,
,
,
,
,
,
,
,
,
,
,
,
,
,
,
,
,
,
,
,
,
,
,
,
,
,
,
,
,
,
,
,
,
,
,
,
,
,
,
,
,
,
,
,
,
,
,
,
,
,
,
,
,
,
,
,
,
,
,
,
,
,
,
,
,
,
,
,
,
,
,
,
,
,
,
,
,
,
,
,
,
,
,
,
,
,
,
,
,
,
,
,
,
,
,
,
,
,
,
,
,
,
,
,
,
,
,
,
,
,
,
,
,
,
,
,
,
,
,
,
,
,
,
,
,
,
,
,
,
,
,
,
,
,
,
,
,
,
,
,
,
,
,
,
,
,
,
,
,
,
,
,
,
,
,
,
,
,
,
,
,
,
,
,
,
,
,
,
,
,
,
,
,
,
,
,
,
,
,
,
,
,
,
,
,
,
,
,
,
,
,
,
,
,
,
,
,
,
,
,
,
,
,
,
,
,
,
,
,
,
,
,
,
,
,
,
,
,
,
,
,
,
,
,
,
,
,
,
,
,
,
,
,
,
,
,
,
,
,
,
,
,
,
,
,
,
,
,
,
,
,
,
,
,
,
,
,
,
,
,
,
,
,
,
,
,
,
,
,
,
,
,
,
,
,
,
,
,
,
,
,
,
,
,
,
,
,
,
,
,
,
,
,
,
,
,
,
,
,
,
,
,
,
,
,
,
,
,
,
,
,
,
,
,
,
,
,
,
,
,
,
,
,
,
,
,
,
,
,
,
,
,
,
,
,
,
,
,
,
,
,
,
,
,
,
,
,
,
,
,
,
,
,
,
,
,
,
,
,
,
,
,
,
,
,
,
,
,
,
,
,
,
,
,
,
,
,
,
,
,
,
,
,
,
,
,
,
,
,
,
,
,
,
,
,
,
,
,
,
,
,
,
,
,
,
,
,
,
,
,
,
,
,
,
,
,
,
,
,
,
,
,
,
,
,
,
,
,
,
,
,
,
,
,
,
,
,
,
,
,
,
,
,
,
,
,
,
,
,
,
,
,
,
,
,
,
,
,
,
,
,
,
,
,
,