Order_Count,Favourite_Cuisine ,Location  ,email
1,Australian,99463 Duke Road,dtylor0@deviantart.com
2,Greek,898 Mayer Court,garonson1@hp.com
3,Mexican,1 Lighthouse Bay Street,kferrao2@list-manage.com
4,Australian,5516 Onsgard Point,ohouseley3@mail.ru
5,Mexican,44845 Monument Road,tzorzoni4@pen.io
6,Indonesian,49543 Kennedy Place,smurrill5@i2i.jp
7,Indonesian,35 Porter Hill,jbrosch6@cafepress.com
8,Caribbean,03510 Cascade Center,vspowart7@sitemeter.com
9,Caribbean,725 Badeau Pass,ttimmis8@comcast.net
10,Persian,38644 Cody Place,fstrognell9@creativecommons.org
11,Thai,743 Mitchell Terrace,ewheadona@is.gd
12,Greek,33211 Reinke Hill,sibanb@ox.ac.uk
13,Brazilian,8266 7th Court,mdacombec@harvard.edu
14,Sri Lankan,5504 Saint Paul Junction,dchownd@digg.com
15,Jamaican,91952 Troy Crossing,slicencee@merriam-webster.com
16,Italian,1 Fairview Parkway,fmoulesf@storify.com
17,British,57907 Pierstorff Place,gacombg@exblog.jp
18,Bangladeshi,30 Farragut Parkway,lmuttonh@upenn.edu
19,Brazilian,84 Daystar Avenue,cpriteri@wikimedia.org
20,Vietnamese,9 Northwestern Point,awainmanj@ebay.co.uk
21,Spanish,453 Pearson Way,noscannillk@fastcompany.com
22,Peruvian,122 Valley Edge Park,rmaccaguel@gnu.org
23,American,7 Muir Terrace,vcaponm@soup.io
24,Thai,8547 Bayside Parkway,kmccolln@ifeng.com
25,Thai,83788 Summit Lane,pallnutto@goo.ne.jp
26,Indian,5 Pankratz Avenue,dsmallbonep@cdbaby.com
27,Peruvian,478 Fairfield Point,nbrighamq@domainmarket.com
28,Spanish,1541 Truax Park,lfieldersr@blogger.com
29,Argentinian,9255 Anderson Terrace,dmiless@themeforest.net
30,Mexican,738 Mendota Drive,lappletont@pcworld.com
31,Pakistani,1 Messerschmidt Center,mchmarnyu@unc.edu
32,Nigerian,08453 Granby Lane,twannanv@wikipedia.org
33,Australian,9 Havey Avenue,jhalheadw@t.co
34,Korean,24757 Dwight Pass,btuplingx@privacy.gov.au
35,British,953 Colorado Junction,chaddrelly@flickr.com
36,Brazilian,093 Lerdahl Street,jimmsz@oracle.com
37,Jamaican,59 Arrowood Point,jwillson10@bigcartel.com
38,German,6666 Buena Vista Circle,jbonnet11@google.co.uk
39,Italian,99 Bellgrove Court,lthonason12@nydailynews.com
40,Japanese,33376 Summer Ridge Drive,banniwell13@bloglovin.com
41,Spanish,36 Basil Place,kburchill14@canalblog.com
42,Australian,4783 Kings Park,cpridgeon15@last.fm
43,Peruvian,83 Sauthoff Way,twallington16@trellian.com
44,Bangladeshi,9 Sunnyside Point,mshingfield17@is.gd
45,Russian,3 Sutherland Crossing,mrowlin18@google.ca
46,Turkish,6947 Towne Junction,bastill19@123-reg.co.uk
47,Indonesian,474 Londonderry Lane,wvanarsdalen1a@springer.com
48,Persian,23 Morrow Street,pdelasalle1b@dedecms.com
49,French,3 Dahle Parkway,gfrankish1c@artisteer.com
50,Jamaican,81 Crowley Avenue,kmangeot1d@vk.com
51,Vietnamese,71 School Circle,gvanichkin1e@cdc.gov
52,Thai,58 Reinke Crossing,jedmonstone1f@tripadvisor.com
53,South African,85791 Brickson Park Court,jmcchruiter1g@wikispaces.com
54,South African,47 Waywood Crossing,bmcwilliams1h@yolasite.com
55,Greek,1 Elmside Point,vquilliam1i@ow.ly
56,Filipino,94 Drewry Lane,nmccarrick1j@youtube.com
57,Greek,94 Parkside Trail,hiorizzo1k@stumbleupon.com
58,Peruvian,500 Starling Center,ggleaves1l@canalblog.com
59,Lebanese,147 Forster Parkway,ncamerati1m@deliciousdays.com
60,Cuban,6 Sugar Junction,dhattoe1n@merriam-webster.com
61,Peruvian,3 Acker Lane,esharpling1o@redcross.org
62,Lebanese,2256 Huxley Trail,claidler1p@blogtalkradio.com
63,Caribbean,92835 Anhalt Hill,rwaggatt1q@gizmodo.com
64,Ethiopian,7 Towne Court,lsigge1r@timesonline.co.uk
65,Peruvian,2 Beilfuss Circle,wpinnock1s@chronoengine.com
66,British,569 American Ash Way,bsigsworth1t@nydailynews.com
67,Moroccan,45014 Kingsford Pass,bgillean1u@army.mil
68,Ethiopian,00 Oxford Circle,cswires1v@seesaa.net
69,Vietnamese,98 Prairieview Way,lmosey1w@cloudflare.com
70,Spanish,10 Marquette Center,esprowles1x@desdev.cn
71,German,69445 Redwing Way,mgrass1y@blog.com
72,Turkish,936 Hoffman Lane,tmacglory1z@imageshack.us
73,South African,65 Eagle Crest Circle,lodoran20@a8.net
74,Sri Lankan,1999 Golf View Trail,dmatschek21@altervista.org
75,Cuban,1848 Shopko Circle,vklehn22@nba.com
76,Jamaican,65892 Ludington Trail,gber23@economist.com
77,Japanese,81280 Westend Drive,kabsalom24@upenn.edu
78,Ethiopian,20039 Oakridge Way,ahanwell25@mail.ru
79,British,5665 Steensland Plaza,mkeep26@wisc.edu
80,Indian,633 Dakota Pass,tbruffell27@artisteer.com
81,Bangladeshi,6 West Pass,ebeaten28@hostgator.com
82,Turkish,29 Ridge Oak Center,azellmer29@mail.ru
83,Lebanese,56 Moland Place,lluca2a@flickr.com
84,Korean,548 Acker Court,mleander2b@goodreads.com
85,Nigerian,9875 Sachtjen Street,dfeldhuhn2c@goo.ne.jp
86,Caribbean,94911 Forster Terrace,tormston2d@infoseek.co.jp
87,Afghan,77 Nancy Place,rknowles2e@hatena.ne.jp
88,Greek,90525 Merrick Place,easbery2f@nbcnews.com
89,Persian,33 Vermont Plaza,jondrousek2g@blinklist.com
90,Argentinian,51601 Mallard Junction,maarons2h@shutterfly.com
91,South African,7414 Larry Park,pakester2i@deviantart.com
92,Sri Lankan,419 Armistice Street,dbarg2j@nhs.uk
93,Malaysian,39 Lien Pass,stevelov2k@biblegateway.com
94,Mexican,4854 Roth Trail,cgiovanizio2l@archive.org
95,Mexican,65937 Bluestem Way,fmahody2m@chronoengine.com
96,Brazilian,87 Golden Leaf Place,dburgoine2n@youtu.be
97,Chinese,6188 Golf Course Terrace,hben2o@tinyurl.com
98,Mexican,1785 Pennsylvania Center,rguild2p@intel.com
99,Turkish,4430 Iowa Court,mpyper2q@infoseek.co.jp
100,Australian,2 Anniversary Terrace,wcannavan2r@imdb.com
101,Nigerian,7 Forest Dale Way,mhabershaw2s@comcast.net
102,Mexican,08 Anniversary Court,ccrosser2t@xrea.com
103,Chinese,0249 Fisk Circle,icliffe2u@psu.edu
104,Jamaican,289 Ridgeway Hill,bwhetnell2v@thetimes.co.uk
105,Argentinian,82 Kim Place,kskeggs2w@google.it
106,Chinese,540 Service Junction,esilber2x@digg.com
107,Russian,13 Aberg Plaza,ddowngate2y@blogger.com
108,Vietnamese,87 Banding Center,cuvedale2z@noaa.gov
109,Brazilian,0039 Valley Edge Trail,adabernott30@odnoklassniki.ru
110,Sri Lankan,90 Hoard Alley,hberringer31@blinklist.com
111,Bangladeshi,411 Talisman Hill,astockow32@msn.com
112,Australian,2184 Brickson Park Pass,ebrocklehurst33@springer.com
113,Peruvian,7 Garrison Way,asievewright34@zimbio.com
114,Bangladeshi,742 Portage Park,dhinrichsen35@tripadvisor.com
115,Malaysian,01 Dayton Place,bpolhill36@wp.com
116,Argentinian,111 Waxwing Terrace,etokley37@hibu.com
117,Jamaican,7412 Roth Terrace,hbarbe38@answers.com
118,Brazilian,6243 Vermont Center,dsansbury39@mayoclinic.com
119,Argentinian,4 Sunnyside Lane,fpadson3a@walmart.com
120,Polish,04335 Evergreen Terrace,lrubinovitch3b@cornell.edu
121,Nigerian,2673 Bunker Hill Lane,zwhitehair3c@mlb.com
122,Bangladeshi,6 Columbus Pass,dbenedikt3d@hexun.com
123,Sri Lankan,0517 Glacier Hill Place,asheridan3e@yelp.com
124,Cuban,01130 Algoma Junction,tkevern3f@cargocollective.com
125,Korean,96271 Di Loreto Pass,ewegman3g@rediff.com
126,Polish,1560 Roth Plaza,cboyles3h@harvard.edu
127,Irish,926 Mallard Trail,ttebbet3i@quantcast.com
128,Indian,39 Dawn Park,gwozencroft3j@nymag.com
129,French,7684 International Alley,lsadd3k@parallels.com
130,American,3664 Ohio Junction,tattew3l@vinaora.com
131,Brazilian,87 Ronald Regan Street,rdimitriou3m@a8.net
132,Turkish,5 Maryland Junction,jrisbrough3n@t-online.de
133,Ethiopian,67743 Gerald Terrace,mpickover3o@oracle.com
134,Filipino,80204 Melrose Drive,dleathers3p@cbc.ca
135,Spanish,33 Maple Wood Lane,kzorzutti3q@twitter.com
136,Ukrainian,855 Anzinger Park,ocutmare3r@webs.com
137,Pakistani,2695 Towne Plaza,rweldon3s@istockphoto.com
138,Caribbean,9 Oakridge Alley,rsloan3t@ning.com
139,Filipino,48074 Granby Center,ogiorgielli3u@ebay.co.uk
140,American,27 Sage Point,imustard3v@sbwire.com
141,American,5 Marquette Hill,etween3w@about.com
142,Turkish,0 Lakeland Plaza,plozano3x@vkontakte.ru
143,Greek,61 Duke Hill,beickhoff3y@linkedin.com
144,Bangladeshi,14 Dunning Circle,odammarell3z@thetimes.co.uk
145,Spanish,95269 Troy Parkway,csherry40@nsw.gov.au
146,French,31 Schlimgen Park,tlucus41@whitehouse.gov
147,South African,7 Crescent Oaks Lane,evanoord42@51.la
148,French,001 Dahle Street,llopez43@chronoengine.com
149,Korean,744 Southridge Pass,abowbrick44@google.com
150,Indian,5761 Warner Junction,jlaurenzi45@ft.com
151,Korean,40 Namekagon Avenue,cbarnaby46@tinyurl.com
152,Egyptian,757 Glacier Hill Road,jneeson47@aol.com
153,Peruvian,42 West Crossing,akennady48@cafepress.com
154,Cuban,57951 Dovetail Street,tnewgrosh49@prlog.org
155,Argentinian,38 Lukken Street,fmitten4a@networksolutions.com
156,Vietnamese,0554 Luster Way,mgregoli4b@usgs.gov
157,Nigerian,43909 Lyons Lane,fobbard4c@nifty.com
158,Filipino,8 Oriole Circle,jgardener4d@nationalgeographic.com
159,Polish,3 Everett Lane,adalligan4e@senate.gov
160,Spanish,02514 Gateway Park,sdrache4f@kickstarter.com
161,Bangladeshi,4 Starling Alley,rgrubb4g@goo.gl
162,Moroccan,7389 Welch Circle,kgrayling4h@shareasale.com
163,Ethiopian,1 Schlimgen Park,lolrenshaw4i@facebook.com
164,Malaysian,837 Crowley Terrace,jhilary4j@istockphoto.com
165,Nigerian,3 Annamark Park,faiton4k@un.org
166,Peruvian,620 Sutteridge Park,sseymer4l@utexas.edu
167,Russian,39 Chinook Road,imintram4m@reverbnation.com
168,Chinese,7 Haas Terrace,lbeeton4n@wunderground.com
169,German,653 Prairieview Pass,epenning4o@gmpg.org
170,Pakistani,9664 Eagle Crest Alley,jdymidowicz4p@ask.com
171,Vietnamese,20988 Lukken Place,kfish4q@paginegialle.it
172,Cuban,7 Toban Plaza,ccochet4r@prnewswire.com
173,Japanese,89149 Mitchell Avenue,dgerssam4s@psu.edu
174,Greek,6620 Hagan Place,bwebburn4t@economist.com
175,Lebanese,18971 Spenser Circle,hdenisard4u@blogger.com
176,Japanese,62317 Stoughton Way,aoluby4v@oakley.com
177,Korean,98257 Melvin Alley,bandrus4w@soundcloud.com
178,Vietnamese,569 Westend Avenue,kdensey4x@who.int
179,Japanese,9 Laurel Road,rmckeney4y@imgur.com
180,Italian,9 Waubesa Terrace,loutram4z@prlog.org
181,Afghan,744 Moulton Way,wdufour50@delicious.com
182,Chinese,4 Fallview Park,alunam51@usa.gov
183,Argentinian,9212 Texas Crossing,gdrohun52@cargocollective.com
184,Persian,95160 Tennyson Alley,jedgar53@umich.edu
185,Polish,8 Kinsman Circle,ablum54@cocolog-nifty.com
186,Greek,53 Kropf Terrace,rcattle55@bravesites.com
187,German,60 Russell Street,mshakespear56@1und1.de
188,Moroccan,995 Hermina Hill,mrobey57@biglobe.ne.jp
189,Korean,21282 Petterle Point,mmcginny58@earthlink.net
190,Korean,93 Transport Circle,bbyron59@goodreads.com
191,South African,67711 Orin Center,amapledoram5a@europa.eu
192,Sri Lankan,23 Spohn Avenue,zbattista5b@photobucket.com
193,Malaysian,20 Donald Drive,hbelchambers5c@sun.com
194,Australian,5659 Delaware Pass,bedgecombe5d@yellowbook.com
195,South African,061 Park Meadow Street,vbuddock5e@drupal.org
196,Korean,912 Graceland Street,tdesporte5f@army.mil
197,Indian,35984 Moland Avenue,npoyzer5g@theglobeandmail.com
198,Filipino,1 Johnson Park,edendon5h@berkeley.edu
199,Korean,7270 Messerschmidt Hill,ebonnar5i@google.it
200,Bangladeshi,189 Bunting Place,rcarnduff5j@youtu.be
201,Turkish,6417 Sutteridge Parkway,jcurzey5k@webnode.com
202,Italian,6011 Corry Parkway,bjell5l@timesonline.co.uk
203,British,7659 Lindbergh Road,hdinneges5m@si.edu
204,Vietnamese,73167 Melrose Drive,lveall5n@fastcompany.com
205,Thai,146 7th Pass,ademalchar5o@nps.gov
206,Egyptian,8 Dayton Road,rgovern5p@about.me
207,Japanese,7635 Hallows Point,cpilsbury5q@booking.com
208,Ukrainian,19857 Towne Plaza,tgwyer5r@businesswire.com
209,Mexican,49 Melody Circle,polifard5s@comcast.net
210,South African,7714 Sheridan Point,adibb5t@google.com.br
211,Korean,909 Almo Circle,mkelsey5u@microsoft.com
212,French,4 Merrick Circle,kboribal5v@gmpg.org
213,Italian,3 Chinook Road,vgullane5w@vinaora.com
214,Caribbean,03290 Bluestem Way,vkoeppe5x@live.com
215,Jamaican,3 Hoffman Circle,apischof5y@barnesandnoble.com
216,Moroccan,7 Red Cloud Crossing,lclissett5z@go.com
217,Polish,841 Sloan Avenue,rlemerie60@cbslocal.com
218,Greek,0 Nobel Pass,hdevo61@desdev.cn
219,Chinese,6868 Bellgrove Pass,aasquith62@columbia.edu
220,Chinese,711 Graceland Park,kezzy63@themeforest.net
221,Cuban,81895 Surrey Park,gstachini64@japanpost.jp
222,Argentinian,73050 Declaration Lane,cdacke65@com.com
223,Chinese,795 Little Fleur Terrace,lcrocket66@japanpost.jp
224,Polish,5 Sage Trail,wgelderd67@squidoo.com
225,Nigerian,46900 Continental Circle,rfranz68@webmd.com
226,Korean,5623 Kipling Avenue,jbareford69@csmonitor.com
227,Bangladeshi,296 Delaware Center,psquibbes6a@usda.gov
228,Chinese,1 Talisman Alley,merrey6b@smh.com.au
229,Spanish,0390 Hooker Junction,amowne6c@godaddy.com
230,Filipino,93428 Ilene Street,ccanete6d@whitehouse.gov
231,Malaysian,9 Anniversary Terrace,lmcturlough6e@about.com
232,Ethiopian,71059 Eastlawn Lane,hyakubowicz6f@ifeng.com
233,German,09646 Butternut Terrace,malford6g@merriam-webster.com
234,Moroccan,1 Dennis Avenue,jdownage6h@photobucket.com
235,Sri Lankan,4270 Coolidge Court,ebrittan6i@arstechnica.com
236,Polish,160 Steensland Way,sberetta6j@studiopress.com
237,Egyptian,8279 Drewry Center,ycarlisle6k@yahoo.co.jp
238,Indian,986 Lotheville Way,hnickols6l@java.com
239,American,94 Morrow Lane,icyson6m@marriott.com
240,Thai,68 Menomonie Drive,tslateford6n@hud.gov
241,Persian,408 Burning Wood Alley,svivien6o@scribd.com
242,American,046 Vahlen Drive,hgeertje6p@icio.us
243,Afghan,10691 Atwood Junction,tsutherel6q@wiley.com
244,Greek,5 Banding Parkway,mhemeret6r@ezinearticles.com
245,Malaysian,6 Ohio Way,hlowy6s@ebay.co.uk
246,Russian,356 Golf Drive,mguerriero6t@shop-pro.jp
247,Vietnamese,8 Jay Trail,wbromfield6u@sitemeter.com
248,Polish,3 Forest Run Drive,dcocking6v@newsvine.com
249,Vietnamese,4 Coleman Street,bdebernardi6w@biglobe.ne.jp
250,Caribbean,3766 Morning Trail,vhaddeston6x@harvard.edu
251,American,72529 Weeping Birch Parkway,bpermain6y@meetup.com
252,Thai,5282 American Court,glouedey6z@chron.com
253,South African,9 Kingsford Alley,jcooke70@goodreads.com
254,South African,295 Sachs Pass,gpesselt71@so-net.ne.jp
255,South African,0016 Butternut Avenue,gcomoletti72@boston.com
256,Persian,78634 Brentwood Street,ssmorthwaite73@google.ca
257,Jamaican,712 Namekagon Pass,vsincock74@wordpress.com
258,Filipino,9 Lukken Road,rmccomiskey75@pen.io
259,South African,8 Loomis Terrace,gplaskitt76@mapquest.com
260,Bangladeshi,2 Maple Court,ebowle77@sciencedirect.com
261,Russian,9847 Milwaukee Court,ecartmer78@army.mil
262,Peruvian,5086 Warner Park,parnout79@e-recht24.de
263,Korean,934 Oxford Trail,cbogges7a@bbc.co.uk
264,Vietnamese,65 Pleasure Park,balliban7b@sphinn.com
265,Jamaican,3 Brentwood Crossing,esiviter7c@symantec.com
266,Greek,967 Debra Hill,lscrimshaw7d@answers.com
267,Greek,2477 Rockefeller Plaza,wgwinnell7e@bloglines.com
268,Peruvian,0917 Dunning Drive,apencost7f@biblegateway.com
269,Brazilian,1 Milwaukee Way,nknotte7g@google.cn
270,Egyptian,4761 Anderson Place,ggillebride7h@godaddy.com
271,Ukrainian,1 Summerview Park,crawlyns7i@spotify.com
272,Afghan,046 Grim Court,cbirk7j@geocities.jp
273,Vietnamese,69369 Shoshone Terrace,mtarling7k@indiatimes.com
274,Korean,9367 Del Sol Point,lbagster7l@w3.org
275,Cuban,69428 Granby Terrace,jandretti7m@go.com
276,Spanish,8266 Thierer Court,wlemerle7n@ebay.com
277,Lebanese,49354 Lawn Court,dgogay7o@tiny.cc
278,Indian,2827 Fremont Plaza,skeilloh7p@bloomberg.com
279,Nigerian,0 Birchwood Avenue,dskeats7q@cmu.edu
280,Nigerian,6 Eastlawn Parkway,grecke7r@wikia.com
281,Mexican,740 Del Sol Avenue,ddarco7s@mysql.com
282,Jamaican,13634 Red Cloud Center,vtonsley7t@fda.gov
283,Peruvian,61 Forest Dale Trail,sdanahar7u@blogtalkradio.com
284,Turkish,074 Gulseth Lane,rvannuchi7v@paginegialle.it
285,Indian,0 Merchant Crossing,gsimenel7w@zdnet.com
286,Egyptian,7812 Fairview Point,rlivezey7x@rakuten.co.jp
287,Nigerian,78492 Schmedeman Trail,cjosefsson7y@skype.com
288,Brazilian,91 Gina Plaza,llamie7z@smugmug.com
289,Indian,86 Thackeray Terrace,cmaclaren80@instagram.com
290,French,185 Shelley Avenue,tmurphey81@homestead.com
291,Sri Lankan,9400 Rutledge Terrace,drosenstiel82@fastcompany.com
292,Sri Lankan,5094 Di Loreto Center,sdrohun83@youku.com
293,Peruvian,3 Heath Circle,alegerton84@godaddy.com
294,Italian,2 Forster Circle,aselesnick85@hubpages.com
295,Filipino,33 Stone Corner Lane,mpipkin86@ustream.tv
296,American,68 7th Way,dchatelain87@eepurl.com
297,Sri Lankan,21 Oak Valley Hill,heilhart88@e-recht24.de
298,Nigerian,9 Veith Street,lcrier89@geocities.com
299,German,7202 Blaine Park,cpaschek8a@amazonaws.com
300,German,443 Schiller Crossing,kdorant8b@plala.or.jp
301,Egyptian,22269 Hagan Junction,avolette8c@bravesites.com
302,Lebanese,9810 Springs Plaza,dbeddie8d@bloglines.com
303,Argentinian,054 Anzinger Way,rwittey8e@constantcontact.com
304,German,786 Jana Parkway,rmoyse8f@pinterest.com
305,Brazilian,0 Welch Avenue,ybatten8g@latimes.com
306,Mexican,14 Hoepker Terrace,cwitard8h@nps.gov
307,French,7296 Westport Trail,ijopling8i@hugedomains.com
308,Vietnamese,8285 Pearson Lane,kpenburton8j@ning.com
309,Chinese,0242 Green Drive,nginnelly8k@tuttocitta.it
310,Ukrainian,0 Delladonna Drive,cmcness8l@live.com
311,Argentinian,4574 Stoughton Plaza,cgonoude8m@paginegialle.it
312,Afghan,490 Brown Alley,gburghill8n@jigsy.com
313,Cuban,48 Steensland Pass,rgrigg8o@cnet.com
314,Lebanese,5850 Main Trail,kriccardi8p@cornell.edu
315,Lebanese,3 Oxford Street,tandriuzzi8q@lulu.com
316,Filipino,71754 Morningstar Lane,iduplantier8r@flavors.me
317,American,67 Carioca Point,deite8s@sphinn.com
318,British,2995 Granby Place,dallsebrook8t@360.cn
319,Indonesian,964 Ilene Point,aalbury8u@opera.com
320,Cuban,21137 Harbort Court,lglanz8v@eepurl.com
321,British,944 Monument Drive,csprackling8w@cam.ac.uk
322,Sri Lankan,024 Sycamore Point,xseaborne8x@prlog.org
323,Bangladeshi,34120 Artisan Street,lmartynov8y@163.com
324,American,928 Dryden Way,udesmond8z@utexas.edu
325,Filipino,9 Waubesa Terrace,bhewins90@cmu.edu
326,Turkish,4 Kinsman Crossing,jcron91@creativecommons.org
327,Korean,6335 Bluejay Road,sgledhall92@weather.com
328,Indian,7636 Carey Center,gcanti93@posterous.com
329,Ukrainian,52 Shopko Center,ratrill94@seesaa.net
330,Nigerian,24880 Bashford Junction,pcornfoot95@imageshack.us
331,Korean,8797 Springview Lane,pyoule96@sfgate.com
332,Persian,7 Butternut Junction,alilburne97@github.io
333,Italian,44440 Victoria Plaza,csandercock98@mtv.com
334,German,22905 Carey Junction,lrivenzon99@sakura.ne.jp
335,Irish,564 Paget Park,kocarran9a@seattletimes.com
336,Korean,004 Maple Wood Point,jcariss9b@timesonline.co.uk
337,German,164 Mccormick Crossing,spomfrey9c@zdnet.com
338,Chinese,3301 Stuart Lane,lemanulsson9d@rediff.com
339,Peruvian,3361 Cordelia Court,fportsmouth9e@disqus.com
340,Caribbean,68 Del Sol Terrace,mfishburn9f@hc360.com
341,Japanese,3066 Veith Circle,lchorlton9g@sitemeter.com
342,Filipino,49 Columbus Pass,rbarens9h@webeden.co.uk
343,Brazilian,840 Daystar Terrace,lmatthews9i@dagondesign.com
344,Afghan,086 Boyd Alley,jdoughtery9j@sciencedirect.com
345,Greek,3555 Melrose Avenue,bsimonot9k@g.co
346,American,8160 Northridge Park,rlaxston9l@myspace.com
347,Sri Lankan,27571 Meadow Vale Place,mmelbury9m@dot.gov
348,Russian,7445 Hanover Trail,taris9n@constantcontact.com
349,German,42 Roth Street,lmontier9o@posterous.com
350,Turkish,9 Anhalt Center,dsoutherton9p@narod.ru
351,Spanish,67 Tony Street,cpiccop9q@who.int
352,Thai,6416 Rusk Circle,mmckee9r@hhs.gov
353,Spanish,264 Thompson Park,mlynde9s@twitpic.com
354,Turkish,2453 Butternut Crossing,jriach9t@so-net.ne.jp
355,American,8 Shelley Park,bcrepel9u@livejournal.com
356,Greek,9295 Eastwood Alley,nelleton9v@shop-pro.jp
357,Irish,944 Daystar Parkway,gdanher9w@soundcloud.com
358,Filipino,76 Anzinger Parkway,bcharlon9x@house.gov
359,Korean,39481 Sugar Avenue,epatis9y@wufoo.com
360,Russian,1437 Crest Line Lane,mmaffei9z@histats.com
361,Korean,4 Westport Lane,apawnsforda0@sohu.com
362,South African,4031 Waubesa Court,wollcotta1@ask.com
363,German,4 Mockingbird Trail,rmcglaughna2@toplist.cz
364,Egyptian,8037 Esch Circle,abarkusa3@ezinearticles.com
365,Sri Lankan,33757 Mayfield Court,knoltea4@ftc.gov
366,Brazilian,3 Northport Lane,vizhaka5@livejournal.com
367,Argentinian,9 Bluejay Lane,jrobya6@seesaa.net
368,Bangladeshi,980 Sunfield Drive,mbatterhama7@blinklist.com
369,Vietnamese,8 Spaight Park,bclarridgea8@disqus.com
370,Vietnamese,52 Elka Avenue,tbeadela9@istockphoto.com
371,Pakistani,195 Warner Place,mdelamaineaa@paginegialle.it
372,Jamaican,56 Lerdahl Alley,bbennoughab@nature.com
373,Chinese,4664 Southridge Way,zlandrieuac@go.com
374,Cuban,0055 Goodland Plaza,llaurentinad@nasa.gov
375,Sri Lankan,40 Lien Pass,lstendallae@sciencedaily.com
376,Persian,3788 Vahlen Parkway,rdeclerqaf@dyndns.org
377,Bangladeshi,569 Bashford Place,gvennag@networkadvertising.org
378,Spanish,66 Columbus Street,hsherbourneah@biblegateway.com
379,Thai,58082 Eastwood Way,bhaydnai@rediff.com
380,Japanese,3949 Cambridge Junction,rhollingbyaj@spiegel.de
381,Pakistani,5 Paget Terrace,fnesterak@miitbeian.gov.cn
382,Lebanese,6086 Anthes Circle,ecringleal@mit.edu
383,Egyptian,92 Briar Crest Parkway,focrevanam@usnews.com
384,Brazilian,65 Fulton Hill,blehrianan@hc360.com
385,Brazilian,5372 Redwing Parkway,rocrevanao@godaddy.com
386,Afghan,771 Twin Pines Avenue,thallworthap@seattletimes.com
387,Greek,16 Becker Avenue,cmckewaq@w3.org
388,Persian,01136 Cordelia Place,hpoppingar@imdb.com
389,British,16051 Laurel Pass,hlaidelas@wikipedia.org
390,Ukrainian,495 Armistice Park,edurantat@ucsd.edu
391,Egyptian,0 Maple Wood Crossing,ebischofau@nps.gov
392,Polish,893 Blue Bill Park Point,bgorvinav@indiegogo.com
393,Spanish,48 Surrey Trail,jbendonaw@usnews.com
394,Korean,2758 Randy Way,inewisax@ted.com
395,Pakistani,52163 Bunting Point,hdunbletonay@youtube.com
396,Egyptian,38 Farwell Court,rmcinilityaz@pagesperso-orange.fr
397,Italian,13 Holy Cross Crossing,dmandrierb0@alexa.com
398,Turkish,322 Hermina Junction,bmendesb1@wiley.com
399,South African,91475 Derek Center,sthickettb2@ucla.edu
400,Lebanese,4265 Sundown Drive,klittlerb3@liveinternet.ru
401,Nigerian,79084 Hoffman Crossing,mmacgiollab4@java.com
402,Russian,45827 Stuart Circle,xtissingtonb5@bbc.co.uk
403,German,37 Debs Avenue,jbefroyb6@answers.com
404,Afghan,1 Blue Bill Park Circle,rpiccardb7@hud.gov
405,Polish,71 Jenifer Alley,wfultonb8@army.mil
406,Nigerian,6306 Hallows Hill,hfennb9@trellian.com
407,Indonesian,57 Tennessee Park,jvanichkovba@psu.edu
408,German,755 Larry Hill,dbufferybb@ebay.com
409,Malaysian,8 Sachtjen Crossing,hgladebeckbc@mail.ru
410,Australian,78653 Independence Trail,tspunerbd@about.me
411,Mexican,9007 Tony Street,hleachmanbe@mapy.cz
412,Indonesian,242 Kennedy Plaza,dtellenbrookbf@com.com
413,Italian,9 Donald Drive,rcloakebg@mozilla.com
414,Jamaican,97 Meadow Vale Lane,jwroughtbh@typepad.com
415,Spanish,504 Iowa Circle,hautybi@sun.com
416,Brazilian,077 Daystar Court,cbrittianbj@lulu.com
417,Pakistani,81523 Sutteridge Place,ipizzeybk@chicagotribune.com
418,Lebanese,77 Dottie Lane,mellingworthbl@smh.com.au
419,Greek,9 Meadow Vale Lane,rwemmbm@cloudflare.com
420,Indian,94582 Tennyson Junction,zsommerfeldbn@japanpost.jp
421,Jamaican,8000 Dennis Avenue,cpestorbo@sciencedaily.com
422,Brazilian,06658 Birchwood Junction,sshinebp@ftc.gov
423,Turkish,4 Havey Place,astrevensbq@unicef.org
424,Brazilian,0108 Ilene Junction,hburnappbr@taobao.com
425,Argentinian,181 Merrick Circle,mseiterbs@wikimedia.org
426,Malaysian,4 Nelson Junction,bbelfragebt@facebook.com
427,American,16 Summer Ridge Alley,kfilochovbu@bluehost.com
428,Peruvian,5496 Alpine Court,coldingbv@exblog.jp
429,Ethiopian,95996 Forest Dale Lane,kjervoisbw@ucoz.com
430,Persian,2 Mockingbird Avenue,kdyterbx@timesonline.co.uk
431,Spanish,644 Michigan Avenue,ccolumby@timesonline.co.uk
432,Persian,18356 Linden Terrace,gluisettibz@goo.gl
433,South African,11 Bluejay Plaza,rthompsettc0@deviantart.com
434,Chinese,71 Acker Road,asheehanc1@parallels.com
435,Lebanese,3 Pierstorff Trail,hgonneauc2@businessinsider.com
436,British,84 Westend Terrace,sbaltzarc3@va.gov
437,Greek,67931 Ridgeview Place,pkrysiakc4@ucla.edu
438,Polish,524 Anderson Lane,aweetchc5@g.co
439,Afghan,61174 Kingsford Way,cdownagec6@mapquest.com
440,Japanese,1015 Talisman Avenue,hpopescuc7@biglobe.ne.jp
441,French,36 Coleman Trail,dhowlerc8@archive.org
442,Vietnamese,2293 Roxbury Place,dloosemorec9@unblog.fr
443,American,147 Oneill Point,lwahnerca@cnn.com
444,Ukrainian,047 Warrior Drive,wbaudinellicb@dailymotion.com
445,Russian,56 Golf View Pass,ekennealycc@state.gov
446,Pakistani,21 Lakewood Gardens Point,csnookcd@goodreads.com
447,Afghan,8 Browning Hill,beassebyce@shutterfly.com
448,British,545 Brentwood Circle,kthornbercf@free.fr
449,Persian,204 Westerfield Plaza,mpodscg@1und1.de
450,Mexican,2 Anthes Court,nbedowch@tripod.com
451,Argentinian,34 Mcguire Parkway,uczyzci@un.org
452,Irish,245 Briar Crest Pass,jkenwellcj@zdnet.com
453,Brazilian,5 Grayhawk Plaza,tandreuccick@qq.com
454,Vietnamese,4383 Hauk Terrace,aocanavancl@list-manage.com
455,Lebanese,63545 Holy Cross Pass,abuxamcm@geocities.jp
456,Lebanese,6 Nelson Drive,sdjokoviccn@cargocollective.com
457,Jamaican,67048 Acker Parkway,sbrettonerco@ovh.net
458,Chinese,6187 Buena Vista Street,khowiecp@blogger.com
459,Thai,7 Crowley Center,dwhyecq@nymag.com
460,Russian,7863 Vahlen Parkway,bgiacobillocr@scientificamerican.com
461,Indonesian,80 Utah Plaza,lbrollycs@skype.com
462,Irish,9 Paget Drive,jfranzettict@sciencedaily.com
463,Mexican,9778 Superior Road,byvenscu@amazonaws.com
464,Turkish,45290 Sloan Circle,imcewancv@mayoclinic.com
465,French,8953 Talisman Alley,mswanboroughcw@phpbb.com
466,Australian,1 Emmet Center,kbrettellecx@taobao.com
467,Caribbean,0239 Comanche Circle,tadneycy@walmart.com
468,British,45 Jenna Park,reedecz@1und1.de
469,Afghan,088 Division Road,clandd0@cloudflare.com
470,Argentinian,572 Bartillon Court,dkattd1@list-manage.com
471,Cuban,61907 Schiller Trail,rbengoughd2@nba.com
472,French,738 Scott Junction,gavramowd3@apple.com
473,French,02441 Loftsgordon Circle,ncleend4@thetimes.co.uk
474,Ukrainian,8 Towne Alley,rheldd5@github.io
475,Australian,73989 School Plaza,lpelerind6@rambler.ru
476,French,86 Karstens Trail,lmciverd7@auda.org.au
477,Japanese,9309 Loftsgordon Crossing,htivenand8@clickbank.net
478,Egyptian,64287 Hayes Point,lcorred9@is.gd
479,Persian,10 Carioca Park,svibertda@domainmarket.com
480,South African,80123 Rieder Street,spoundsforddb@rediff.com
481,Cuban,6443 Arkansas Place,mcaurahdc@mayoclinic.com
482,Pakistani,07 Leroy Hill,jskinleydd@sitemeter.com
483,Polish,4680 Shelley Point,wwrittlede@themeforest.net
484,Japanese,867 Sheridan Terrace,scheccuzzidf@altervista.org
485,Sri Lankan,2 Annamark Point,bcaughtdg@vistaprint.com
486,American,9680 Porter Center,cworleydh@senate.gov
487,Lebanese,06 Ludington Trail,jhartigandi@arstechnica.com
488,Ukrainian,3549 Gale Court,wposendj@stumbleupon.com
489,Moroccan,8223 Holmberg Circle,ashapcottdk@artisteer.com
490,British,845 Dorton Junction,kchildrensdl@addthis.com
491,Malaysian,055 Wayridge Lane,wsummerbelldm@cyberchimps.com
492,Russian,4638 Meadow Valley Hill,swoolstondn@booking.com
493,Chinese,08532 Burning Wood Terrace,ssertindo@vistaprint.com
494,Australian,5 Straubel Trail,jbrightydp@oakley.com
495,Filipino,8344 Village Court,ritzhaiekdq@lulu.com
496,Indonesian,65944 Pine View Lane,smanjindr@sciencedaily.com
497,Pakistani,2033 Everett Circle,klemmonds@posterous.com
498,Persian,3104 Bobwhite Plaza,nhardwidgedt@yahoo.co.jp
499,Bangladeshi,94467 Crownhardt Plaza,jdensondu@merriam-webster.com
500,Korean,4251 Coolidge Drive,cgumbrelldv@sohu.com
501,South African,8 American Ash Circle,njezarddw@newsvine.com
502,South African,0332 Maywood Avenue,cbergendx@economist.com
503,Filipino,991 Rieder Junction,olegierdy@1688.com
504,Pakistani,6 Straubel Circle,sknottondz@nationalgeographic.com
505,Sri Lankan,5974 Goodland Plaza,floidle0@bloglovin.com
506,Russian,930 Victoria Alley,fbalinte1@lulu.com
507,Vietnamese,85 Spenser Point,jsafelle2@storify.com
508,Russian,72894 La Follette Center,dfeckeye3@mysql.com
509,Persian,10651 Golden Leaf Point,abrockingtone4@bigcartel.com
510,Turkish,09377 Bonner Junction,yrenackownae5@ebay.co.uk
511,Thai,24051 Farmco Alley,hgodriche6@mysql.com
512,Indian,06 Esker Way,erutledgee7@dmoz.org
513,Indonesian,10 Dunning Park,klandmane8@nymag.com
514,Sri Lankan,031 Heath Crossing,qbashame9@chicagotribune.com
515,Indian,00 Lakeland Parkway,rhabertea@360.cn
516,Australian,74 Heffernan Alley,dlaskeyeb@usa.gov
517,Persian,35301 Transport Trail,jpechec@kickstarter.com
518,Japanese,684 Meadow Valley Road,smadgwicked@craigslist.org
519,Peruvian,362 Shelley Trail,dgentneree@unesco.org
520,Filipino,37 Warrior Drive,npuddenef@bbb.org
521,Egyptian,7376 David Pass,lbruhnkeeg@google.com
522,Japanese,6645 Petterle Way,poguzeh@umn.edu
523,Japanese,047 Red Cloud Point,gbarmbyei@vinaora.com
524,Chinese,4 Loftsgordon Lane,jglantzej@mapquest.com
525,Caribbean,4807 Gale Court,bsimmensek@discuz.net
526,Pakistani,6 Packers Way,wcamseyel@netvibes.com
527,Brazilian,73976 Declaration Drive,ohandsheartem@webmd.com
528,German,546 Kim Alley,clyddiatten@oracle.com
529,Mexican,93 Chinook Parkway,bfranciolieo@icq.com
530,Brazilian,00324 Maple Circle,hstebbinsep@webeden.co.uk
531,Caribbean,20 Cardinal Crossing,cpydcockeq@netlog.com
532,Persian,73 Lindbergh Junction,gfurtadoer@hao123.com
533,Filipino,1187 Farragut Center,nbrymneres@elegantthemes.com
534,Ukrainian,229 Hollow Ridge Parkway,dcramphornet@gravatar.com
535,Mexican,60496 Pine View Terrace,blantuffeeu@newyorker.com
536,Japanese,8347 Ridgeview Circle,atapsfieldev@ning.com
537,Spanish,8 Daystar Place,gbunclarkew@joomla.org
538,Spanish,6217 Milwaukee Junction,dfiddemanex@netvibes.com
539,Indonesian,991 Acker Parkway,aeschey@deviantart.com
540,South African,77111 Ramsey Drive,jsummersettez@ebay.com
541,Chinese,286 Burrows Center,criochf0@columbia.edu
542,British,65953 Roth Center,mschoroderf1@springer.com
543,Nigerian,0 Nancy Drive,elaxef2@goo.ne.jp
544,Chinese,1 Hallows Road,pdelunaf3@cam.ac.uk
545,Persian,222 Blue Bill Park Point,wmcleoidf4@linkedin.com
546,Peruvian,7 Hoard Junction,rkeighlyf5@ameblo.jp
547,Ukrainian,8275 Sommers Street,lharbertsonf6@google.ca
548,Thai,571 Glacier Hill Avenue,ksetchfieldf7@skype.com
549,Irish,24806 Debra Point,dofieldf8@webeden.co.uk
550,Chinese,43421 New Castle Street,mtembeyf9@t-online.de
551,Afghan,438 Burning Wood Hill,aalessandrellifa@google.com.hk
552,Lebanese,72 Norway Maple Hill,avaseninfb@uiuc.edu
553,Chinese,763 Rieder Place,ehandrokfc@redcross.org
554,Italian,73290 Clove Hill,hgoganfd@reference.com
555,French,3231 Novick Circle,esmetounfe@creativecommons.org
556,Greek,283 Prairieview Lane,adibdenff@themeforest.net
557,Moroccan,25782 2nd Plaza,rmelhuishfg@creativecommons.org
558,Brazilian,01 Kropf Trail,wboritfh@narod.ru
559,Polish,69024 Del Sol Junction,jgillesonfi@indiatimes.com
560,Turkish,95199 Troy Junction,lmainstonefj@booking.com
561,Russian,86782 Hallows Court,psimonetonfk@ow.ly
562,Australian,54224 High Crossing Trail,pcowlandfl@bizjournals.com
563,Italian,39 Monument Parkway,mgarfieldfm@phpbb.com
564,Japanese,81601 Coolidge Center,bbrennonfn@earthlink.net
565,Ukrainian,1 Sherman Junction,dgasnollfo@wp.com
566,Pakistani,0 Village Circle,mluttonfp@dot.gov
567,Afghan,6 Morningstar Lane,ocraufordfq@mysql.com
568,Ukrainian,93 Pankratz Parkway,hnorthenfr@ebay.co.uk
569,Italian,61 Lerdahl Hill,dgermainfs@nba.com
570,Indonesian,68810 Oak Lane,rtommaseoft@rediff.com
571,Chinese,2 Florence Drive,adavysfu@cbslocal.com
572,Argentinian,69400 Warrior Place,fhovendenfv@pinterest.com
573,Moroccan,6979 Twin Pines Alley,jgarraltsfw@sbwire.com
574,Caribbean,070 Delladonna Way,raingellfx@answers.com
575,Korean,9387 Warner Street,wdeferrarisfy@wikispaces.com
576,Spanish,742 Lunder Avenue,vpiegromefz@ifeng.com
577,South African,04351 Cambridge Drive,hchottyg0@drupal.org
578,Turkish,07 Mendota Alley,fpittwayg1@symantec.com
579,Ethiopian,45577 Center Road,kcartmillg2@mashable.com
580,Chinese,60 Warrior Point,wkerinsg3@reference.com
581,Peruvian,722 Memorial Circle,cyerrellg4@narod.ru
582,French,5434 Arizona Hill,jshaughnessyg5@sphinn.com
583,Nigerian,9851 Manufacturers Avenue,mchippindallg6@marketwatch.com
584,Japanese,5527 Montana Point,sdesaveryg7@harvard.edu
585,Indian,9 Morrow Hill,acarnduffg8@netvibes.com
586,Russian,71004 Grasskamp Plaza,apoldeng9@issuu.com
587,Chinese,14 Ruskin Drive,iillingga@skyrock.com
588,British,94 Ridgeview Court,kwormsgb@baidu.com
589,German,85 Esch Way,pmcramseygc@networkadvertising.org
590,Indonesian,3221 Bunting Park,edeblegd@paginegialle.it
591,Ethiopian,98128 Havey Avenue,mgyurkoge@fda.gov
592,Bangladeshi,34 Meadow Vale Place,hklousnergf@ihg.com
593,Malaysian,9471 Thackeray Court,qcalkingg@creativecommons.org
594,Mexican,72207 Lawn Circle,jcamillogh@eventbrite.com
595,Afghan,693 Declaration Parkway,zbrashgi@nifty.com
596,Ukrainian,88 Cardinal Junction,jminersgj@bloomberg.com
597,Jamaican,71 Kedzie Trail,dcordellegk@g.co
598,Thai,95119 Ramsey Trail,sbottrellgl@storify.com
599,Chinese,09803 Village Terrace,mmarshalleckgm@cbsnews.com
600,Ukrainian,36 Maywood Court,bcrasfordgn@whitehouse.gov
601,Korean,32679 Union Drive,tboullingo@gmpg.org
602,Italian,1 Dryden Way,msmeesgp@boston.com
603,South African,88 Vera Terrace,ggleavegq@rambler.ru
604,South African,0 Old Gate Center,mfrancinogr@printfriendly.com
605,Mexican,649 New Castle Way,akiddyegs@chicagotribune.com
606,Thai,036 Vermont Lane,egiangt@guardian.co.uk
607,Indian,050 Heffernan Park,hkehrigu@printfriendly.com
608,Persian,3245 Northview Park,ckrysztofiakgv@europa.eu
609,Peruvian,0302 Algoma Plaza,dhukegw@csmonitor.com
610,Malaysian,71 Fremont Alley,zpadefieldgx@unesco.org
611,Russian,065 Lillian Way,alammasgy@ocn.ne.jp
612,Malaysian,8 Lakeland Plaza,akrinksgz@wunderground.com
613,Filipino,44957 Stuart Park,dklainerh0@slideshare.net
614,American,5 Bunker Hill Hill,sirnysh1@taobao.com
615,Sri Lankan,4840 Rigney Terrace,jcroisierh2@g.co
616,Sri Lankan,63759 Loomis Road,mpapachristophorouh3@businessweek.com
617,Filipino,7 Golf Parkway,rrispineh4@theguardian.com
618,Nigerian,6 Leroy Alley,hyakunkinh5@wordpress.org
619,French,89 Westerfield Alley,amunneryh6@webeden.co.uk
620,Lebanese,966 Almo Drive,emesshamh7@statcounter.com
621,Ethiopian,44362 International Crossing,bgreaderh8@europa.eu
622,American,13344 Merrick Circle,gbarleyh9@chron.com
623,Mexican,3 Goodland Place,fmohammedha@buzzfeed.com
624,Cuban,3 Killdeer Street,jdurdanhb@exblog.jp
625,Japanese,414 Shasta Trail,bhurlestonhc@google.de
626,Pakistani,4382 Northridge Park,palvarezhd@csmonitor.com
627,Nigerian,9226 Jenna Point,tchellenhamhe@cmu.edu
628,Pakistani,42258 Little Fleur Avenue,rhospitalhf@yolasite.com
629,Lebanese,3616 Artisan Parkway,ascammellhg@fotki.com
630,American,5 Glendale Point,kosbistonhh@wix.com
631,Korean,333 Killdeer Circle,gdomelawhi@163.com
632,Indonesian,028 Emmet Parkway,npreslandhj@ucoz.ru
633,Japanese,1 Hoepker Pass,ugibletthk@sciencedaily.com
634,Lebanese,54 Alpine Place,golcothl@cnet.com
635,Brazilian,884 Menomonie Road,skorneshm@hhs.gov
636,American,2 Hansons Plaza,pbridgenshn@archive.org
637,Turkish,19313 Scott Center,jtumaho@upenn.edu
638,Persian,94 Hollow Ridge Crossing,scrosselandhp@miibeian.gov.cn
639,Indonesian,9 Morningstar Street,twickeyhq@wikia.com
640,Italian,4 Farwell Park,pstickfordhr@ucoz.com
641,British,28215 Saint Paul Road,mwollacotths@yelp.com
642,Chinese,184 Golf View Street,mwestmacottht@ezinearticles.com
643,Chinese,0 Bunting Court,erummerhu@shareasale.com
644,Lebanese,3 Ryan Avenue,hmattyshv@dyndns.org
645,Chinese,634 Ridgeway Hill,nstandbrookhw@pinterest.com
646,Lebanese,4 Gerald Alley,jtaffleyhx@pbs.org
647,American,7125 Colorado Hill,gcapeshy@com.com
648,Chinese,765 Armistice Junction,lduckershz@foxnews.com
649,Filipino,77092 Hoard Parkway,hgippesi0@jigsy.com
650,Irish,2 Basil Drive,cogelsbyi1@vimeo.com
651,Chinese,92 Alpine Point,mfittalli2@yahoo.co.jp
652,Indonesian,77 Memorial Terrace,dchomickii3@psu.edu
653,Sri Lankan,94 Everett Alley,lyoungeri4@kickstarter.com
654,Thai,0 Sunnyside Plaza,gblankhorni5@ft.com
655,Jamaican,936 Summer Ridge Way,vscneideri6@msn.com
656,Chinese,10566 Kinsman Parkway,acopperwaitei7@artisteer.com
657,Italian,73 Sauthoff Court,cleatherborrowi8@cloudflare.com
658,Lebanese,72396 Ludington Crossing,fmatusi9@uiuc.edu
659,Cuban,517 Chive Lane,gboustredia@alexa.com
660,Pakistani,44 Colorado Lane,lfaneib@cbc.ca
661,Filipino,1680 Heffernan Terrace,jvelasquezic@freewebs.com
662,Caribbean,51 Fordem Park,hreaderid@google.ru
663,Mexican,5318 Eliot Terrace,wjeannenetie@163.com
664,Jamaican,59 Talmadge Avenue,treddochif@omniture.com
665,Ethiopian,52668 Fairview Road,lguielig@earthlink.net
666,Irish,47308 Merchant Trail,peadesih@liveinternet.ru
667,Lebanese,9143 Manitowish Drive,sregusii@about.com
668,Australian,82654 3rd Avenue,hdickieij@unesco.org
669,Caribbean,0 Huxley Terrace,lmcanellyeik@t.co
670,Japanese,6537 Raven Way,jfautleyil@shop-pro.jp
671,Argentinian,87 Montana Hill,avideneevim@stanford.edu
672,Korean,73 Scofield Street,leastmeadin@angelfire.com
673,Afghan,02 Buena Vista Road,ladamskiio@dedecms.com
674,Mexican,7115 Shelley Avenue,cnewmanip@de.vu
675,French,8 Mockingbird Center,amckeveneyiq@mit.edu
676,Nigerian,0 Reindahl Terrace,rjosupeitir@feedburner.com
677,Australian,73950 Dixon Pass,esculleyis@mashable.com
678,Italian,83715 Vera Park,vmanghamit@unblog.fr
679,Egyptian,8 Autumn Leaf Center,edjokiciu@123-reg.co.uk
680,Indian,42 Sage Hill,fpoundsfordiv@arizona.edu
681,Mexican,3520 Manufacturers Road,nbaguleyiw@comcast.net
682,Japanese,552 Independence Way,dbenckix@cyberchimps.com
683,Bangladeshi,0298 Doe Crossing Center,ccatchersideiy@google.com.hk
684,Bangladeshi,28363 Hayes Way,clittleproudiz@thetimes.co.uk
685,Jamaican,73641 Lakewood Gardens Plaza,lklavesj0@photobucket.com
686,Russian,65 Linden Way,sdrippj1@tumblr.com
687,Lebanese,27 Old Gate Parkway,rgansbuhlerj2@multiply.com
688,Indian,417 Memorial Avenue,kperingj3@sogou.com
689,Bangladeshi,7897 Orin Plaza,dsargoodj4@army.mil
690,Turkish,85298 Gale Pass,seastopj5@prnewswire.com
691,Argentinian,7 Corry Lane,tbewj6@mysql.com
692,American,0 Saint Paul Court,lthodyj7@shutterfly.com
693,Italian,77681 East Way,dcratchleyj8@themeforest.net
694,Indonesian,4141 Kings Lane,wwilnej9@bigcartel.com
695,Moroccan,057 Nancy Plaza,wbillanyja@loc.gov
696,Moroccan,18 Walton Street,sotteyjb@meetup.com
697,Polish,1364 Canary Center,ppestorjc@fda.gov
698,Pakistani,5 Sheridan Street,rwenningtonjd@e-recht24.de
699,Greek,86147 Fremont Center,aahrenje@go.com
700,Persian,253 Northfield Parkway,ncaselickjf@360.cn
701,Lebanese,88 Rutledge Terrace,stweenjg@gizmodo.com
702,South African,1 Fordem Junction,mrowlerjh@netscape.com
703,Brazilian,5994 Hallows Road,kgievesji@alibaba.com
704,French,088 Sachs Center,pjobinjj@tinypic.com
705,Egyptian,26852 Bartillon Circle,ejirusekjk@si.edu
706,Russian,0 Dorton Junction,etucknottjl@state.tx.us
707,Indian,8 Dakota Plaza,ecarnejm@dailymail.co.uk
708,Ukrainian,6 Dennis Pass,sionnisianjn@dyndns.org
709,Nigerian,7314 Ilene Center,hbowkerjo@usda.gov
710,Mexican,96989 John Wall Terrace,sburrusjp@opensource.org
711,Thai,05 Orin Lane,dfuzzardjq@yahoo.com
712,Argentinian,78 Chinook Circle,ddunkjr@chronoengine.com
713,Jamaican,163 Loomis Alley,spresterjs@abc.net.au
714,Sri Lankan,08 Laurel Lane,scoppenjt@auda.org.au
715,Korean,5 Carey Court,bromeiju@imageshack.us
716,South African,185 Village Green Trail,klamacraftjv@addthis.com
717,Filipino,1 Ludington Crossing,tdickenjw@bloomberg.com
718,Thai,4576 Waubesa Court,byeldjx@whitehouse.gov
719,Nigerian,04591 Corscot Trail,pfergussonjy@opera.com
720,Lebanese,97234 Northview Drive,bmasdonjz@prweb.com
721,Italian,670 Fair Oaks Center,ntimbridgek0@home.pl
722,Persian,4 Northport Road,rzanetellok1@virginia.edu
723,Australian,255 Manley Park,ccleavek2@yellowbook.com
724,Afghan,2 Esch Way,bbernardouxk3@vinaora.com
725,Peruvian,52 Forster Hill,bhowgillk4@merriam-webster.com
726,Polish,39 Weeping Birch Junction,rdeerrk5@unicef.org
727,Peruvian,11500 Manitowish Lane,oolliek6@webeden.co.uk
728,Thai,10341 Sommers Circle,fdaviok7@ucoz.com
729,Afghan,763 Monterey Terrace,pbourgesk8@typepad.com
730,Turkish,852 Gale Crossing,cgoodbarrk9@si.edu
731,Vietnamese,5437 Shasta Trail,sfacerka@newyorker.com
732,American,5095 Superior Alley,cwebsdalekb@mlb.com
733,South African,7 Little Fleur Crossing,cmayzeskc@github.io
734,Ukrainian,0634 Menomonie Drive,cansteykd@yale.edu
735,British,5 Sauthoff Pass,adelgardoke@theatlantic.com
736,British,16 Northwestern Lane,ctoveykf@last.fm
737,Jamaican,711 Thompson Circle,krevelandkg@deliciousdays.com
738,Vietnamese,0 Haas Plaza,scraterekh@omniture.com
739,Jamaican,653 Lakewood Place,ngliddenki@sciencedirect.com
740,Nigerian,17 Blackbird Point,ubougourdkj@harvard.edu
741,Pakistani,30905 Crowley Crossing,brappoportkk@answers.com
742,Indian,005 Stang Pass,sterrettkl@bloglovin.com
743,French,82105 Lawn Junction,efallowkm@dion.ne.jp
744,Australian,8143 Longview Plaza,rcarlisikn@hatena.ne.jp
745,Egyptian,594 Tennessee Hill,efettesko@bigcartel.com
746,Turkish,609 Goodland Park,tbirtwellkp@nasa.gov
747,Australian,203 Mccormick Circle,lcozbykq@apache.org
748,Pakistani,05 Cordelia Drive,bcolmankr@apple.com
749,Indonesian,82935 Comanche Hill,emangeotks@dropbox.com
750,Japanese,3 Heath Hill,adorseykt@vkontakte.ru
751,Filipino,51592 Monica Lane,ajagielaku@icq.com
752,Brazilian,99 Killdeer Trail,bmacgregorkv@deviantart.com
753,Ethiopian,1501 Ridgeview Crossing,rdriuzzikw@flickr.com
754,Filipino,81 Coleman Trail,ndeniskekx@ibm.com
755,Moroccan,92 Vidon Avenue,erenadky@livejournal.com
756,Turkish,39214 Eliot Point,schickenkz@hexun.com
757,Afghan,7 Bobwhite Place,sfurslandl0@clickbank.net
758,Indian,62691 Clove Circle,wlountl1@merriam-webster.com
759,Afghan,955 Spaight Road,jdennerlyl2@sitemeter.com
760,Korean,84 Anzinger Place,kslayl3@ibm.com
761,Spanish,2 Birchwood Trail,bhaycroftl4@people.com.cn
762,Argentinian,2 Rusk Lane,amazonowiczl5@archive.org
763,Argentinian,524 Valley Edge Center,keddisonl6@github.com
764,Mexican,560 Acker Way,kheretyl7@prlog.org
765,Japanese,524 Meadow Ridge Circle,bivanshintsevl8@bloglovin.com
766,Afghan,3 Southridge Junction,jpeakmanl9@cbslocal.com
767,Egyptian,2490 Linden Avenue,lmaciala@abc.net.au
768,Moroccan,831 Clemons Parkway,blorkinglb@sbwire.com
769,German,54 Loeprich Parkway,hbondesenlc@amazon.co.jp
770,Caribbean,04612 Larry Center,hmurriganld@blog.com
771,British,181 Spaight Park,lkennionle@hao123.com
772,Lebanese,2654 Ridge Oak Park,cmcclaurielf@hubpages.com
773,Peruvian,3 Eagan Place,jmeryettlg@wufoo.com
774,Turkish,8400 Union Junction,mdransfieldlh@berkeley.edu
775,Pakistani,98313 Longview Street,tfernieli@4shared.com
776,Nigerian,26 Melvin Alley,slawdaylj@merriam-webster.com
777,Vietnamese,252 Boyd Plaza,fwrittlelk@people.com.cn
778,Argentinian,7887 Straubel Trail,rfishwickll@answers.com
779,Turkish,72 Fairview Parkway,wmannlm@npr.org
780,Greek,1 Onsgard Plaza,awildeln@woothemes.com
781,Mexican,79130 Nelson Hill,bhirtzlo@list-manage.com
782,Korean,6 John Wall Plaza,kbiggerstafflp@reverbnation.com
783,Moroccan,01533 Express Avenue,jbruntjelq@businessinsider.com
784,Brazilian,6249 Mockingbird Terrace,vharrismithlr@uiuc.edu
785,Cuban,5153 Steensland Pass,eburrillls@gravatar.com
786,Caribbean,7755 Reindahl Trail,alaidlowlt@techcrunch.com
787,Filipino,267 Nova Road,ksholemlu@whitehouse.gov
788,Ethiopian,7661 Heath Park,klinnelllv@yolasite.com
789,Indian,1401 Mallard Road,eposseltlw@elegantthemes.com
790,Bangladeshi,615 Schlimgen Crossing,glaingmaidlx@nbcnews.com
791,Jamaican,33 Barnett Pass,apellewly@elegantthemes.com
792,Indonesian,68 Red Cloud Hill,vketteringhamlz@mac.com
793,Greek,2398 Burning Wood Plaza,acromblehomem0@reference.com
794,Egyptian,90 Hagan Pass,ccremerm1@sun.com
795,Japanese,04 Kedzie Circle,dcaltonm2@guardian.co.uk
796,Afghan,876 Eastlawn Junction,astovinm3@nih.gov
797,American,90981 Longview Alley,sgeekinm4@house.gov
798,German,440 Old Shore Parkway,vfitzgibbonm5@gnu.org
799,Greek,4 Hudson Trail,pbrotherwoodm6@omniture.com
800,Mexican,4 Prentice Trail,npoizerm7@miibeian.gov.cn
801,Filipino,930 Fulton Plaza,lreglerm8@google.pl
802,Mexican,1 Hansons Plaza,tbettym9@oaic.gov.au
803,Cuban,7354 Thierer Trail,bnormanellma@baidu.com
804,Polish,84 Mayer Parkway,aayerstmb@github.io
805,Greek,3888 Stone Corner Hill,mhawkinsmc@blogger.com
806,Polish,11400 Glacier Hill Alley,smcclochmd@who.int
807,Caribbean,919 Esker Parkway,kcardenosame@comsenz.com
808,British,61 Packers Center,lmunromf@simplemachines.org
809,Australian,8790 Fieldstone Center,rbeynonmg@dell.com
810,American,16700 Sutteridge Lane,dingermanmh@narod.ru
811,Italian,2326 Namekagon Avenue,msampeymi@goo.ne.jp
812,Mexican,7414 2nd Plaza,atocknellmj@google.de
813,Ethiopian,334 Macpherson Center,blockemk@exblog.jp
814,Greek,2449 Roxbury Circle,egregoreml@chicagotribune.com
815,Spanish,68447 Memorial Place,gfendtmm@princeton.edu
816,Thai,9109 Hanover Point,blarosamn@earthlink.net
817,Lebanese,51884 Hudson Street,hkahanemo@toplist.cz
818,Mexican,4 Evergreen Park,mbreffittmp@pen.io
819,Indian,2358 Mayfield Junction,bjakabmq@sciencedaily.com
820,Australian,20 Portage Road,nhardesmr@vk.com
821,Russian,164 Dorton Circle,jmcsarryms@angelfire.com
822,Ethiopian,00836 Lerdahl Circle,mmaywoodmt@skyrock.com
823,Korean,3980 Helena Pass,tnassymu@newyorker.com
824,Cuban,14 Red Cloud Place,dkinsleymv@t.co
825,Mexican,9 Clemons Parkway,kwaddymw@zimbio.com
826,Cuban,75 Gale Junction,tellsmx@sohu.com
827,British,2360 Havey Center,pwardmy@omniture.com
828,Russian,5 Monterey Place,bsenchenkomz@cisco.com
829,French,2 Sundown Junction,atwycrossn0@drupal.org
830,Lebanese,6 Lakeland Lane,tjaann1@free.fr
831,German,0923 Nobel Avenue,cmcgilvaryn2@people.com.cn
832,Thai,729 Prairie Rose Junction,sjurischn3@java.com
833,Peruvian,6358 Pepper Wood Place,lsextonn4@linkedin.com
834,Ethiopian,59 Independence Center,afouldsn5@eepurl.com
835,Japanese,9 Vermont Hill,ebrognotn6@de.vu
836,British,29 Cambridge Hill,oarnoutn7@wikipedia.org
837,Chinese,8682 Corry Pass,rmacanen8@jalbum.net
838,Polish,036 Village Trail,nbuggyn9@earthlink.net
839,Mexican,902 Oak Valley Terrace,abendanna@geocities.com
840,Persian,7 Anniversary Place,lfarnannb@geocities.com
841,Brazilian,18 Golf Course Point,rgoldsternc@prlog.org
842,Cuban,077 Moose Hill,amatyjand@redcross.org
843,Italian,18331 Pierstorff Park,dcourteneyne@1und1.de
844,Cuban,6835 Sunfield Center,chiggonetnf@nps.gov
845,Japanese,2394 Porter Hill,jhamlingtonng@globo.com
846,Thai,267 Meadow Vale Lane,tbeddoesnh@tiny.cc
847,Polish,08 Delaware Drive,homarani@wisc.edu
848,Korean,81 Ruskin Place,rbertomenj@pen.io
849,Lebanese,3972 Debra Lane,chenzleynk@slashdot.org
850,Lebanese,8 Clyde Gallagher Point,rdudsonnl@china.com.cn
851,Egyptian,65 Monterey Junction,cchapellnm@blinklist.com
852,Ethiopian,35484 Center Circle,kelijahunn@hubpages.com
853,Ukrainian,604 Monument Road,dgaino@sourceforge.net
854,Irish,058 Londonderry Center,sdescroixnp@berkeley.edu
855,Afghan,4770 Glendale Point,dgoodingenq@nytimes.com
856,Moroccan,973 Merchant Circle,mverrellnr@si.edu
857,Australian,051 Canary Junction,lmatysikns@vinaora.com
858,Moroccan,12 Walton Circle,fdumpletonnt@simplemachines.org
859,Indian,76910 Scoville Way,kspivienu@reverbnation.com
860,Mexican,5 Farmco Junction,jragatenv@cnn.com
861,Italian,22085 Clarendon Crossing,cpaitonnw@princeton.edu
862,Greek,01 Harper Terrace,pmiramsnx@bbc.co.uk
863,American,6 Talmadge Point,lvanzonny@odnoklassniki.ru
864,French,77 Gina Plaza,ajudkinsnz@ebay.co.uk
865,Lebanese,395 Dayton Hill,btoohero0@shareasale.com
866,Russian,66935 Ridge Oak Lane,cpardewo1@squarespace.com
867,Chinese,72953 Sunnyside Circle,imorpheto2@ameblo.jp
868,Peruvian,0 Beilfuss Hill,lsiggino3@4shared.com
869,Nigerian,8638 Melrose Avenue,votheno4@jimdo.com
870,Irish,5466 Gerald Drive,mgiovannardio5@dailymotion.com
871,Russian,8625 Hintze Trail,cheddyo6@barnesandnoble.com
872,Nigerian,1 Boyd Circle,barnelyo7@woothemes.com
873,Peruvian,78 Northport Avenue,atenwicko8@tuttocitta.it
874,Thai,60 Katie Parkway,smacheno9@wunderground.com
875,South African,13 Upham Park,rodneyoa@moonfruit.com
876,Persian,316 Anniversary Hill,ooeneob@github.com
877,Turkish,60 Erie Junction,lpeppinoc@goodreads.com
878,Brazilian,2704 Canary Way,ltoffaniniod@sfgate.com
879,Spanish,860 South Road,groebyoe@canalblog.com
880,Argentinian,88 Evergreen Terrace,mwynterof@bandcamp.com
881,Spanish,0869 Lakeland Terrace,rmacfaydenog@youku.com
882,Peruvian,11 Fremont Court,tkupkeroh@flavors.me
883,Australian,030 Dennis Road,ksieneoi@opera.com
884,Thai,7 Grover Street,ballansonoj@reddit.com
885,Jamaican,98 Monica Point,gabreheartok@tumblr.com
886,Lebanese,17 Kensington Road,asinclarol@europa.eu
887,Afghan,33 Fallview Way,krushforthom@storify.com
888,Bangladeshi,9784 Upham Court,hrouthornon@washingtonpost.com
889,Brazilian,827 Morningstar Way,vgowoo@cloudflare.com
890,Mexican,79388 Waxwing Pass,jvassbenderop@un.org
891,Chinese,63 Prentice Way,wtrewinnardoq@jugem.jp
892,Japanese,49389 Carberry Place,dcourtesor@shinystat.com
893,Ukrainian,27128 Stoughton Plaza,pcurnockos@fastcompany.com
894,Korean,59 Northview Court,dcannawayot@chron.com
895,Irish,61 Fordem Terrace,odanielou@reuters.com
896,Russian,5282 Fieldstone Terrace,pkoppelmannov@blogs.com
897,German,036 Continental Junction,amcgrathow@wired.com
898,Caribbean,826 Old Gate Street,etanzigox@elpais.com
899,Moroccan,4917 Claremont Alley,hdorrelloy@ameblo.jp
900,Vietnamese,3791 Gulseth Avenue,jhukinsoz@microsoft.com
901,Italian,1 2nd Way,rdebischofp0@reddit.com
902,Nigerian,7830 Summit Hill,bdyasp1@addtoany.com
903,American,4709 Derek Trail,jdumbrillp2@dropbox.com
904,Nigerian,2 Emmet Plaza,rhalloranp3@technorati.com
905,Argentinian,777 Pierstorff Way,xsporep4@usda.gov
906,Turkish,857 Clemons Road,vbarlasp5@apple.com
907,Cuban,9 Norway Maple Junction,astollenbergp6@washington.edu
908,American,55387 Thierer Road,opardyp7@imageshack.us
909,Japanese,60 Brickson Park Plaza,hswitsurp8@reddit.com
910,Turkish,65 Carberry Alley,sagerskowp9@w3.org
911,Japanese,6693 Mallard Crossing,ojuarezpa@bbc.co.uk
912,Lebanese,949 Cardinal Plaza,glebrunpb@usgs.gov
913,Pakistani,11 Sunbrook Circle,rgillmorepc@i2i.jp
914,Indian,64991 Nobel Place,ableddonpd@facebook.com
915,Persian,191 Schiller Alley,rsparshuttpe@who.int
916,Lebanese,44743 Anthes Terrace,cdightonpf@hp.com
917,Malaysian,915 Comanche Lane,hcajklerpg@utexas.edu
918,German,591 Crowley Trail,aplettph@ustream.tv
919,Chinese,01 Pond Hill,schessunpi@ifeng.com
920,Lebanese,027 Morning Alley,dsearchwellpj@youtu.be
921,French,25224 Sommers Trail,afoxonpk@google.com.br
922,Sri Lankan,736 Sutherland Street,tballachpl@t.co
923,Nigerian,211 Norway Maple Court,ckerreypm@about.com
924,Japanese,164 Ryan Lane,rkainpn@china.com.cn
925,Indonesian,69 Lakewood Gardens Parkway,dcarpepo@sun.com
926,Argentinian,5552 Golf Course Place,scarbrypp@miibeian.gov.cn
927,Peruvian,38 Bluejay Circle,fsurmonpq@dropbox.com
928,Australian,9 Namekagon Road,rsennerpr@bloomberg.com
929,Australian,754 West Street,maldinsps@smugmug.com
930,Australian,718 Lukken Crossing,mboutflourpt@skyrock.com
931,Greek,4524 Glendale Street,mriceardspu@twitpic.com
932,Cuban,69 Old Gate Center,kdarrigrandpv@google.es
933,Lebanese,6 Eliot Trail,ohansonpw@mapquest.com
934,Japanese,51850 Shelley Avenue,dbettonpx@google.com
935,Vietnamese,24 Sutteridge Place,sollivierrepy@ezinearticles.com
936,Polish,1 Eagle Crest Circle,kcasacchiapz@ihg.com
937,Ukrainian,91108 Mallory Drive,dspaducciq0@fda.gov
938,Spanish,6872 Pearson Court,dberthomieuq1@creativecommons.org
939,American,5 Division Park,kaspreyq2@harvard.edu
940,Moroccan,17 Hooker Road,ldickinsonq3@dion.ne.jp
941,British,40945 Manufacturers Junction,mpaulettoq4@a8.net
942,Brazilian,249 Victoria Park,kmcquirterq5@trellian.com
943,South African,4748 Hooker Place,clamymanq6@google.com.br
944,Filipino,761 Green Way,athomazetq7@ifeng.com
945,Argentinian,01001 Corben Point,sburlayq8@arizona.edu
946,French,5 Bluejay Road,vrathboneq9@tinypic.com
947,Greek,609 Pennsylvania Pass,pspurriarqa@com.com
948,Italian,526 Blaine Avenue,geckartqb@google.com.br
949,Spanish,28 Bartillon Terrace,bfitzerqc@homestead.com
950,Russian,932 Thompson Court,bblagburnqd@businessweek.com
951,Pakistani,985 Lakewood Alley,csprossonqe@zdnet.com
952,Pakistani,990 Loomis Lane,tmaccrachenqf@ovh.net
953,Persian,75 Nancy Place,bfeeleyqg@disqus.com
954,South African,2 School Point,gdolligonqh@senate.gov
955,Russian,66014 Dwight Point,csucreqi@ning.com
956,Lebanese,3343 Scofield Plaza,pjeppeqj@goo.ne.jp
957,Russian,9 Blue Bill Park Center,fpascoeqk@over-blog.com
958,Spanish,55511 Clove Hill,gcuncliffeql@t.co
959,Filipino,990 Delladonna Junction,dwilbudqm@jalbum.net
960,Peruvian,63769 Hudson Drive,aevensdenqn@usa.gov
961,Turkish,01960 American Hill,ckieranqo@tiny.cc
962,Mexican,5 Vermont Avenue,agrocockqp@xinhuanet.com
963,Peruvian,70 Nelson Trail,jmewqq@youku.com
964,Lebanese,07 Menomonie Street,ldimentqr@creativecommons.org
965,Korean,71660 Mayfield Lane,egaugeqs@google.nl
966,Filipino,24 Main Court,cwoolmerqt@biglobe.ne.jp
967,Brazilian,6573 Maywood Park,rstutardqu@digg.com
968,American,8987 Macpherson Alley,elobbqv@nps.gov
969,Ethiopian,8813 Butternut Plaza,cmanganqw@tripod.com
970,Sri Lankan,85 Valley Edge Drive,pbiffinqx@si.edu
971,Japanese,6096 Village Hill,erowterqy@hp.com
972,Persian,8 Gina Junction,gslyqz@indiatimes.com
973,Australian,96 Mccormick Alley,nbloyr0@reverbnation.com
974,Lebanese,74 Hanover Lane,ltrevarthenr1@goo.gl
975,Polish,1319 Knutson Drive,jharfordr2@technorati.com
976,Pakistani,60182 Loomis Plaza,sferrinir3@nhs.uk
977,Indonesian,83 Crownhardt Junction,mcharnockr4@cam.ac.uk
978,Cuban,827 Gerald Avenue,cshearstonr5@theglobeandmail.com
979,Greek,221 Porter Place,zwoodisonr6@g.co
980,Spanish,49335 Menomonie Court,gdelafieldr7@kickstarter.com
981,South African,01 Division Trail,fkinleysider8@unesco.org
982,Bangladeshi,1017 Pond Terrace,deelesr9@blog.com
983,Bangladeshi,4749 Holy Cross Terrace,clentra@dion.ne.jp
984,Sri Lankan,1 Butterfield Road,cboarrb@gmpg.org
985,Moroccan,73 Porter Avenue,osilberrc@youku.com
986,Ethiopian,09404 Buhler Alley,epeatmanrd@weather.com
987,Indonesian,025 Ilene Avenue,sinfantere@guardian.co.uk
988,Ukrainian,47 Shopko Street,gbeesleyrf@parallels.com
989,Ethiopian,62 Clove Circle,cclausnerrg@desdev.cn
990,Indonesian,333 Little Fleur Hill,dgommowerh@mail.ru
991,Egyptian,1 Green Ridge Place,ptolmieri@cbslocal.com
992,Pakistani,01 Dakota Drive,ccarmontrj@photobucket.com
993,French,8 Gerald Hill,fhuycherk@1und1.de
994,Moroccan,747 Monterey Road,kbernardetrl@unc.edu
995,Thai,66 Dryden Crossing,vslocumbrm@europa.eu
996,Jamaican,2638 Bellgrove Road,ekantorrn@state.tx.us
997,Jamaican,55 Scoville Point,clisettro@godaddy.com
998,Ukrainian,8102 Havey Lane,cmcmurtyrp@moonfruit.com
999,Ethiopian,5125 Mandrake Drive,esimnerrq@archive.org
1000,Caribbean,85 Muir Drive,rmandresrr@clickbank.net