Order_ID,totalPrice,status,pickupTime,Email,Storefront_ID
1,119.97,Cancelled,2025-03-03 23:28,dtylor0@deviantart.com,500
2,12.57,Cancelled,2025-06-21 21:39,garonson1@hp.com,501
3,5.98,completed,2024-12-17 13:22,kferrao2@list-manage.com,502
4,149.97,in Progress,2025-05-02 5:17,ohouseley3@mail.ru,503
5,6.49,completed,2025-08-06 7:47,tzorzoni4@pen.io,504
6,4.98,completed,2025-08-08 15:17,smurrill5@i2i.jp,505
7,10.98,Cancelled,2025-06-05 7:28,jbrosch6@cafepress.com,506
8,13.96,Cancelled,2025-08-24 8:14,vspowart7@sitemeter.com,507
9,15.87,Cancelled,2025-02-24 7:16,ttimmis8@comcast.net,508
10,17.16,in Progress,2025-10-12 17:28,fstrognell9@creativecommons.org,509
11,59.97,Cancelled,2025-01-02 3:26,ewheadona@is.gd,510
12,199.99,Cancelled,2025-11-11 14:55,sibanb@ox.ac.uk,511
13,2.99,Cancelled,2025-08-15 23:04,mdacombec@harvard.edu,512
14,49.95,Cancelled,2025-07-18 15:43,dchownd@digg.com,513
15,7.98,in Progress,2025-01-24 13:45,slicencee@merriam-webster.com,514
16,44.97,in Progress,2025-10-23 17:54,fmoulesf@storify.com,515
17,124.95,Cancelled,2025-07-13 17:22,gacombg@exblog.jp,516
18,39.96,Cancelled,2025-09-27 3:45,lmuttonh@upenn.edu,517
19,22.99,completed,2025-10-06 10:02,cpriteri@wikimedia.org,518
20,3.29,in Progress,2025-08-26 17:07,awainmanj@ebay.co.uk,519
21,19.95,in Progress,2025-09-17 23:17,noscannillk@fastcompany.com,520
22,7.56,completed,2025-06-26 12:24,rmaccaguel@gnu.org,521
23,89.97,completed,2025-10-03 9:20,vcaponm@soup.io,522
24,31.98,Cancelled,2024-12-02 3:37,kmccolln@ifeng.com,523
25,43.96,Cancelled,2024-11-30 19:59,pallnutto@goo.ne.jp,524
26,25.99,Cancelled,2025-05-07 16:40,dsmallbonep@cdbaby.com,525
27,9.96,Cancelled,2025-07-02 11:44,nbrighamq@domainmarket.com,526
28,109.99,Cancelled,2025-08-06 21:39,lfieldersr@blogger.com,527
29,119.97,Cancelled,2025-10-15 13:39,dmiless@themeforest.net,528
30,13.95,completed,2025-03-25 6:44,lappletont@pcworld.com,529
31,15.96,in Progress,2025-02-10 17:16,mchmarnyu@unc.edu,530
32,13.16,Cancelled,2025-07-30 0:59,twannanv@wikipedia.org,531
33,8.97,Cancelled,2025-07-10 6:40,jhalheadw@t.co,532
34,119.96,Cancelled,2025-10-08 9:36,btuplingx@privacy.gov.au,533
35,9.96,completed,2025-10-18 20:13,chaddrelly@flickr.com,534
36,13.95,completed,2025-02-01 13:37,jimmsz@oracle.com,535
37,39.98,Cancelled,2025-02-23 9:00,jwillson10@bigcartel.com,536
38,38.97,in Progress,2025-02-26 21:39,jbonnet11@google.co.uk,537
39,74.97,Cancelled,2025-03-27 12:46,lthonason12@nydailynews.com,538
40,79.98,in Progress,2024-12-15 10:14,banniwell13@bloglovin.com,539
41,14.99,completed,2024-11-25 16:21,kburchill14@canalblog.com,540
42,279.96,Cancelled,2025-05-31 5:36,cpridgeon15@last.fm,541
43,4.99,completed,2025-06-04 8:52,twallington16@trellian.com,542
44,3.49,Cancelled,2025-08-27 11:20,mshingfield17@is.gd,543
45,519.96,Cancelled,2025-08-22 21:25,mrowlin18@google.ca,544
46,149.95,in Progress,2025-11-09 10:46,bastill19@123-reg.co.uk,545
47,74.97,Cancelled,2025-05-15 11:13,wvanarsdalen1a@springer.com,546
48,2.49,Cancelled,2025-06-25 20:45,pdelasalle1b@dedecms.com,547
49,99.95,completed,2025-10-24 12:49,gfrankish1c@artisteer.com,548
50,10.47,completed,2025-09-11 13:38,kmangeot1d@vk.com,549
51,5.49,Cancelled,2025-02-07 11:33,gvanichkin1e@cdc.gov,550
52,34.45,Cancelled,2025-10-18 2:01,jedmonstone1f@tripadvisor.com,551
53,299.99,Cancelled,2024-11-30 16:41,jmcchruiter1g@wikispaces.com,552
54,119.98,completed,2024-12-31 7:50,bmcwilliams1h@yolasite.com,553
55,139.96,completed,2025-08-25 2:20,vquilliam1i@ow.ly,554
56,199.95,completed,2025-05-02 11:34,nmccarrick1j@youtube.com,555
57,139.96,completed,2025-02-12 10:49,hiorizzo1k@stumbleupon.com,556
58,11.99,Cancelled,2025-02-25 13:38,ggleaves1l@canalblog.com,557
59,209.97,Cancelled,2025-03-18 22:21,ncamerati1m@deliciousdays.com,558
60,35.96,Cancelled,2024-11-22 12:44,dhattoe1n@merriam-webster.com,559
61,199.96,completed,2025-03-26 19:49,esharpling1o@redcross.org,560
62,19.99,completed,2025-01-15 5:46,claidler1p@blogtalkradio.com,561
63,15.56,in Progress,2025-03-11 1:31,rwaggatt1q@gizmodo.com,562
64,15.99,Cancelled,2025-10-19 12:23,lsigge1r@timesonline.co.uk,563
65,49.99,completed,2024-11-26 17:32,wpinnock1s@chronoengine.com,564
66,24.99,in Progress,2025-07-19 17:44,bsigsworth1t@nydailynews.com,565
67,5.99,completed,2025-11-14 14:43,bgillean1u@army.mil,566
68,74.95,completed,2025-07-20 18:09,cswires1v@seesaa.net,567
69,14.99,Cancelled,2025-02-08 21:37,lmosey1w@cloudflare.com,568
70,29.95,Cancelled,2025-07-06 2:00,esprowles1x@desdev.cn,569
71,79.98,Cancelled,2025-05-11 11:12,mgrass1y@blog.com,570
72,44.97,in Progress,2025-07-13 10:35,tmacglory1z@imageshack.us,571
73,15.96,Cancelled,2025-11-14 23:29,lodoran20@a8.net,572
74,399.98,completed,2025-03-16 5:44,dmatschek21@altervista.org,573
75,159.96,in Progress,2025-01-13 23:14,vklehn22@nba.com,574
76,199.95,completed,2025-10-09 18:16,gber23@economist.com,575
77,99.96,Cancelled,2025-04-11 3:05,kabsalom24@upenn.edu,576
78,91.96,in Progress,2025-07-05 8:26,ahanwell25@mail.ru,577
79,74.95,completed,2025-04-18 5:43,mkeep26@wisc.edu,578
80,64.95,in Progress,2025-08-20 12:20,tbruffell27@artisteer.com,579
81,74.97,Cancelled,2025-08-01 9:37,ebeaten28@hostgator.com,580
82,24.95,Cancelled,2025-01-22 11:55,azellmer29@mail.ru,581
83,17.98,in Progress,2025-10-29 9:10,lluca2a@flickr.com,582
84,399.95,in Progress,2025-11-17 13:57,mleander2b@goodreads.com,583
85,22.45,Cancelled,2025-02-02 21:50,dfeldhuhn2c@goo.ne.jp,584
86,44.95,in Progress,2025-08-20 22:56,tormston2d@infoseek.co.jp,585
87,129.95,Cancelled,2025-08-23 9:19,rknowles2e@hatena.ne.jp,586
88,119.96,Cancelled,2025-05-24 13:24,easbery2f@nbcnews.com,587
89,7.17,in Progress,2025-04-12 23:48,jondrousek2g@blinklist.com,588
90,17.45,completed,2025-04-12 20:17,maarons2h@shutterfly.com,589
91,14.99,Cancelled,2025-09-22 11:07,pakester2i@deviantart.com,590
92,99.95,completed,2025-04-29 1:11,dbarg2j@nhs.uk,591
93,59.98,completed,2025-03-03 0:12,stevelov2k@biblegateway.com,592
94,99.96,Cancelled,2024-12-27 17:18,cgiovanizio2l@archive.org,593
95,24.99,completed,2025-07-03 20:30,fmahody2m@chronoengine.com,594
96,16.45,completed,2024-11-22 3:46,dburgoine2n@youtu.be,595
97,349.95,Cancelled,2025-04-13 10:26,hben2o@tinyurl.com,596
98,19.98,completed,2025-01-27 18:02,rguild2p@intel.com,597
99,24.95,in Progress,2025-09-30 14:39,mpyper2q@infoseek.co.jp,598
100,7.96,Cancelled,2025-01-22 11:07,wcannavan2r@imdb.com,599
101,17.45,Cancelled,2025-02-18 2:17,mhabershaw2s@comcast.net,600
102,359.96,in Progress,2025-06-03 14:13,ccrosser2t@xrea.com,601
103,38.97,Cancelled,2025-05-12 7:03,icliffe2u@psu.edu,602
104,999.96,in Progress,2025-01-21 14:22,bwhetnell2v@thetimes.co.uk,603
105,79.98,completed,2025-10-16 9:38,kskeggs2w@google.it,604
106,119.96,Cancelled,2025-06-04 8:27,esilber2x@digg.com,605
107,10.17,in Progress,2024-12-27 6:10,ddowngate2y@blogger.com,606
108,99.95,in Progress,2025-01-16 19:47,cuvedale2z@noaa.gov,607
109,8.58,completed,2025-02-09 9:10,adabernott30@odnoklassniki.ru,608
110,119.96,completed,2025-03-08 10:01,hberringer31@blinklist.com,609
111,149.97,in Progress,2025-10-23 11:58,astockow32@msn.com,610
112,7.38,Cancelled,2025-03-31 3:28,ebrocklehurst33@springer.com,611
113,179.98,in Progress,2024-11-27 23:20,asievewright34@zimbio.com,612
114,649.95,Cancelled,2025-11-04 20:57,dhinrichsen35@tripadvisor.com,613
115,399.95,in Progress,2025-10-21 9:19,bpolhill36@wp.com,614
116,44.95,Cancelled,2025-01-08 23:04,etokley37@hibu.com,615
117,9.87,completed,2025-02-27 1:09,hbarbe38@answers.com,616
118,159.96,in Progress,2025-05-23 4:24,dsansbury39@mayoclinic.com,617
119,6.98,completed,2025-02-23 16:13,fpadson3a@walmart.com,618
120,139.96,in Progress,2025-04-15 21:55,lrubinovitch3b@cornell.edu,619
121,38.97,completed,2024-12-12 16:40,zwhitehair3c@mlb.com,620
122,0.79,Cancelled,2025-07-29 18:51,dbenedikt3d@hexun.com,621
123,114.95,in Progress,2025-04-06 20:12,asheridan3e@yelp.com,622
124,39.99,Cancelled,2025-02-08 18:45,tkevern3f@cargocollective.com,623
125,179.98,in Progress,2025-09-10 17:32,ewegman3g@rediff.com,624
126,99.99,Cancelled,2025-05-16 0:36,cboyles3h@harvard.edu,625
127,2.29,in Progress,2025-08-30 2:51,ttebbet3i@quantcast.com,626
128,399.95,in Progress,2025-04-20 11:27,gwozencroft3j@nymag.com,627
129,45.99,Cancelled,2025-05-19 9:11,lsadd3k@parallels.com,628
130,15.96,Cancelled,2024-12-22 12:53,tattew3l@vinaora.com,629
131,9.95,completed,2025-07-24 4:51,rdimitriou3m@a8.net,630
132,49.98,in Progress,2025-04-18 10:31,jrisbrough3n@t-online.de,631
133,13.96,Cancelled,2025-10-18 2:10,mpickover3o@oracle.com,632
134,17.96,completed,2025-04-22 2:26,dleathers3p@cbc.ca,633
135,59.98,Cancelled,2025-04-08 18:23,kzorzutti3q@twitter.com,634
136,79.98,Cancelled,2025-07-10 19:10,ocutmare3r@webs.com,635
137,159.98,Cancelled,2024-12-17 1:36,rweldon3s@istockphoto.com,636
138,9.45,in Progress,2025-08-09 1:57,rsloan3t@ning.com,637
139,2.29,Cancelled,2025-05-05 6:15,ogiorgielli3u@ebay.co.uk,638
140,399.95,Cancelled,2024-11-26 22:15,imustard3v@sbwire.com,639
141,39.95,Cancelled,2025-04-08 20:07,etween3w@about.com,640
142,359.96,completed,2025-11-09 21:10,plozano3x@vkontakte.ru,641
143,119.96,in Progress,2025-07-02 20:06,beickhoff3y@linkedin.com,642
144,79.95,Cancelled,2025-03-25 9:33,odammarell3z@thetimes.co.uk,643
145,7.96,completed,2025-01-09 21:47,csherry40@nsw.gov.au,644
146,14.95,completed,2025-03-16 10:41,tlucus41@whitehouse.gov,645
147,5.49,completed,2025-04-07 3:40,evanoord42@51.la,646
148,149.97,in Progress,2025-09-27 8:15,llopez43@chronoengine.com,647
149,74.97,completed,2024-12-31 8:25,abowbrick44@google.com,648
150,38.97,Cancelled,2024-12-10 20:09,jlaurenzi45@ft.com,649
151,3.49,completed,2025-11-11 21:33,cbarnaby46@tinyurl.com,650
152,4.49,Cancelled,2025-05-10 19:13,jneeson47@aol.com,651
153,12.87,in Progress,2025-03-05 12:10,akennady48@cafepress.com,652
154,9.99,in Progress,2025-10-02 3:29,tnewgrosh49@prlog.org,653
155,6.98,in Progress,2025-06-24 2:57,fmitten4a@networksolutions.com,654
156,18.99,in Progress,2025-01-13 18:27,mgregoli4b@usgs.gov,655
157,2.49,Cancelled,2024-11-25 17:41,fobbard4c@nifty.com,656
158,17.96,completed,2024-12-30 8:17,jgardener4d@nationalgeographic.com,657
159,27.45,in Progress,2025-07-26 17:30,adalligan4e@senate.gov,658
160,319.96,in Progress,2025-02-10 0:15,sdrache4f@kickstarter.com,659
161,99.98,completed,2025-10-14 20:46,rgrubb4g@goo.gl,660
162,39.98,Cancelled,2025-10-01 2:27,kgrayling4h@shareasale.com,661
163,59.97,completed,2025-05-05 17:55,lolrenshaw4i@facebook.com,662
164,399.96,Cancelled,2024-11-28 14:43,jhilary4j@istockphoto.com,663
165,16.76,completed,2025-09-23 5:01,faiton4k@un.org,664
166,89.97,in Progress,2025-09-25 11:31,sseymer4l@utexas.edu,665
167,18.45,completed,2025-10-19 22:27,imintram4m@reverbnation.com,666
168,99.95,completed,2025-09-14 21:15,lbeeton4n@wunderground.com,667
169,1499.95,in Progress,2024-11-29 13:38,epenning4o@gmpg.org,668
170,199.96,Cancelled,2025-11-06 16:55,jdymidowicz4p@ask.com,669
171,34.99,completed,2025-07-23 17:03,kfish4q@paginegialle.it,670
172,12.99,in Progress,2025-06-22 8:55,ccochet4r@prnewswire.com,671
173,47.97,Cancelled,2025-09-17 22:08,dgerssam4s@psu.edu,672
174,11.98,Cancelled,2025-05-28 3:48,bwebburn4t@economist.com,673
175,10.47,Cancelled,2025-10-05 23:22,hdenisard4u@blogger.com,674
176,37.98,completed,2025-01-20 1:52,aoluby4v@oakley.com,675
177,149.97,in Progress,2024-11-24 10:52,bandrus4w@soundcloud.com,676
178,19.95,Cancelled,2025-01-06 1:43,kdensey4x@who.int,677
179,15.98,in Progress,2025-04-01 1:10,rmckeney4y@imgur.com,678
180,9.98,in Progress,2025-03-07 10:14,loutram4z@prlog.org,679
181,34.99,Cancelled,2025-07-09 3:52,wdufour50@delicious.com,680
182,11.45,in Progress,2025-11-16 16:37,alunam51@usa.gov,681
183,79.96,Cancelled,2025-08-23 10:57,gdrohun52@cargocollective.com,682
184,9.99,Cancelled,2025-07-26 9:36,jedgar53@umich.edu,683
185,16.47,completed,2025-09-22 23:38,ablum54@cocolog-nifty.com,684
186,17.16,in Progress,2024-12-10 8:25,rcattle55@bravesites.com,685
187,29.98,in Progress,2024-12-14 21:14,mshakespear56@1und1.de,686
188,79.98,completed,2025-02-25 2:09,mrobey57@biglobe.ne.jp,687
189,22.99,in Progress,2024-12-19 4:32,mmcginny58@earthlink.net,688
190,399.98,Cancelled,2025-11-04 1:09,bbyron59@goodreads.com,689
191,39.99,in Progress,2025-06-20 22:05,amapledoram5a@europa.eu,690
192,51.96,Cancelled,2025-01-11 0:11,zbattista5b@photobucket.com,691
193,269.97,completed,2025-07-02 8:49,hbelchambers5c@sun.com,692
194,25.99,Cancelled,2025-03-24 17:44,bedgecombe5d@yellowbook.com,693
195,9.96,Cancelled,2025-10-24 14:11,vbuddock5e@drupal.org,694
196,79.96,completed,2025-09-23 23:47,tdesporte5f@army.mil,695
197,239.97,Cancelled,2025-01-21 11:26,npoyzer5g@theglobeandmail.com,696
198,74.97,completed,2025-06-08 7:58,edendon5h@berkeley.edu,697
199,7.96,completed,2025-06-14 9:13,ebonnar5i@google.it,698
200,99.98,completed,2025-01-14 3:17,rcarnduff5j@youtu.be,699
201,5.99,in Progress,2025-11-09 0:34,jcurzey5k@webnode.com,700
202,99.99,completed,2025-06-27 21:07,bjell5l@timesonline.co.uk,701
203,32.45,in Progress,2025-02-10 7:29,hdinneges5m@si.edu,702
204,2.69,completed,2025-10-15 9:20,lveall5n@fastcompany.com,703
205,299.97,in Progress,2025-05-10 17:01,ademalchar5o@nps.gov,704
206,59.99,completed,2024-12-24 23:04,rgovern5p@about.me,705
207,5.98,in Progress,2025-04-01 14:30,cpilsbury5q@booking.com,706
208,14.67,Cancelled,2024-11-25 10:37,tgwyer5r@businesswire.com,707
209,19.95,in Progress,2025-04-22 3:56,polifard5s@comcast.net,708
210,45.98,Cancelled,2025-02-24 0:20,adibb5t@google.com.br,709
211,8.97,in Progress,2025-09-01 13:10,mkelsey5u@microsoft.com,710
212,59.98,in Progress,2025-08-20 13:16,kboribal5v@gmpg.org,711
213,20.97,Cancelled,2025-02-14 23:14,vgullane5w@vinaora.com,712
214,99.96,in Progress,2025-10-18 4:08,vkoeppe5x@live.com,713
215,12.57,completed,2025-11-16 22:48,apischof5y@barnesandnoble.com,714
216,19.47,completed,2025-02-14 17:02,lclissett5z@go.com,715
217,119.97,Cancelled,2025-10-09 15:42,rlemerie60@cbslocal.com,716
218,79.98,in Progress,2025-07-11 0:23,hdevo61@desdev.cn,717
219,14.99,Cancelled,2024-11-20 13:55,aasquith62@columbia.edu,718
220,23.97,Cancelled,2025-08-26 16:32,kezzy63@themeforest.net,719
221,89.97,Cancelled,2024-12-02 14:29,gstachini64@japanpost.jp,720
222,17.97,completed,2024-12-24 18:41,cdacke65@com.com,721
223,5.97,in Progress,2025-11-05 2:13,lcrocket66@japanpost.jp,722
224,15.99,Cancelled,2024-12-01 15:30,wgelderd67@squidoo.com,723
225,19.95,Cancelled,2025-01-12 15:56,rfranz68@webmd.com,724
226,799.96,completed,2024-11-25 21:58,jbareford69@csmonitor.com,725
227,99.95,Cancelled,2025-04-18 10:04,psquibbes6a@usda.gov,726
228,24.95,in Progress,2025-03-21 11:32,merrey6b@smh.com.au,727
229,3.58,Cancelled,2025-09-28 17:15,amowne6c@godaddy.com,728
230,49.99,in Progress,2025-05-05 23:42,ccanete6d@whitehouse.gov,729
231,19.96,Cancelled,2025-05-26 22:36,lmcturlough6e@about.com,730
232,79.98,completed,2025-05-04 12:56,hyakubowicz6f@ifeng.com,731
233,6.98,completed,2025-11-15 17:20,malford6g@merriam-webster.com,732
234,32.45,Cancelled,2025-07-24 23:44,jdownage6h@photobucket.com,733
235,114.95,Cancelled,2025-04-15 17:12,ebrittan6i@arstechnica.com,734
236,9.96,Cancelled,2025-11-16 5:37,sberetta6j@studiopress.com,735
237,24.95,Cancelled,2025-04-06 12:43,ycarlisle6k@yahoo.co.jp,736
238,19.99,Cancelled,2025-09-19 1:50,hnickols6l@java.com,737
239,179.97,completed,2025-05-22 2:08,icyson6m@marriott.com,738
240,9.87,completed,2025-05-10 22:24,tslateford6n@hud.gov,739
241,49.99,in Progress,2025-06-09 2:45,svivien6o@scribd.com,740
242,9.98,Cancelled,2025-01-30 13:53,hgeertje6p@icio.us,741
243,119.96,Cancelled,2025-05-26 18:50,tsutherel6q@wiley.com,742
244,69.98,in Progress,2025-01-06 22:55,mhemeret6r@ezinearticles.com,743
245,47.97,completed,2025-02-06 14:29,hlowy6s@ebay.co.uk,744
246,4.29,completed,2025-03-31 11:31,mguerriero6t@shop-pro.jp,745
247,119.97,in Progress,2025-01-03 10:57,wbromfield6u@sitemeter.com,746
248,19.96,completed,2025-03-19 2:08,dcocking6v@newsvine.com,747
249,499.95,Cancelled,2025-05-11 23:09,bdebernardi6w@biglobe.ne.jp,748
250,11.96,completed,2025-10-16 20:13,vhaddeston6x@harvard.edu,749
251,9.95,Cancelled,2025-10-02 0:49,bpermain6y@meetup.com,750
252,89.98,Cancelled,2025-08-27 5:32,glouedey6z@chron.com,751
253,224.95,in Progress,2025-06-08 4:30,jcooke70@goodreads.com,752
254,195,Cancelled,2024-12-17 14:43,gpesselt71@so-net.ne.jp,753
255,99.96,Cancelled,2025-03-02 14:26,gcomoletti72@boston.com,754
256,1199.96,completed,2025-10-10 18:47,ssmorthwaite73@google.ca,755
257,179.98,completed,2025-03-11 21:15,vsincock74@wordpress.com,756
258,129.95,completed,2024-12-27 15:49,rmccomiskey75@pen.io,757
259,22.99,Cancelled,2025-09-17 18:16,gplaskitt76@mapquest.com,758
260,24.95,Cancelled,2025-05-01 10:35,ebowle77@sciencedirect.com,759
261,17.95,Cancelled,2025-07-16 17:36,ecartmer78@army.mil,760
262,74.97,Cancelled,2025-02-17 20:18,parnout79@e-recht24.de,761
263,4.99,completed,2025-05-27 20:42,cbogges7a@bbc.co.uk,762
264,4.99,in Progress,2024-12-15 15:08,balliban7b@sphinn.com,763
265,2.29,Cancelled,2025-09-20 2:53,esiviter7c@symantec.com,764
266,6.99,Cancelled,2025-08-22 3:09,lscrimshaw7d@answers.com,765
267,16.47,Cancelled,2025-08-13 20:04,wgwinnell7e@bloglines.com,766
268,74.97,completed,2025-07-04 15:21,apencost7f@biblegateway.com,767
269,5.16,completed,2025-06-03 10:11,nknotte7g@google.cn,768
270,39.99,Cancelled,2024-11-26 10:39,ggillebride7h@godaddy.com,769
271,49.99,completed,2025-01-12 1:48,crawlyns7i@spotify.com,770
272,27.45,completed,2025-07-05 0:08,cbirk7j@geocities.jp,771
273,63.96,completed,2025-09-12 17:01,mtarling7k@indiatimes.com,772
274,124.95,Cancelled,2025-08-24 13:12,lbagster7l@w3.org,773
275,15.99,completed,2025-09-24 7:05,jandretti7m@go.com,774
276,79.96,in Progress,2025-04-19 10:56,wlemerle7n@ebay.com,775
277,24.95,completed,2025-09-16 14:58,dgogay7o@tiny.cc,776
278,35.96,completed,2024-12-06 9:50,skeilloh7p@bloomberg.com,777
279,25,Cancelled,2025-09-15 3:03,dskeats7q@cmu.edu,778
280,99.99,Cancelled,2025-11-04 10:07,grecke7r@wikia.com,779
281,17.97,completed,2025-07-15 6:38,ddarco7s@mysql.com,780
282,7.98,Cancelled,2024-12-20 20:30,vtonsley7t@fda.gov,781
283,99.95,completed,2025-07-19 20:54,sdanahar7u@blogtalkradio.com,782
284,12.99,Cancelled,2025-04-05 11:47,rvannuchi7v@paginegialle.it,783
285,23.96,in Progress,2025-01-23 8:57,gsimenel7w@zdnet.com,784
286,59.98,in Progress,2025-07-07 10:11,rlivezey7x@rakuten.co.jp,785
287,3.99,Cancelled,2025-04-16 3:57,cjosefsson7y@skype.com,786
288,119.96,Cancelled,2025-02-19 1:53,llamie7z@smugmug.com,787
289,5.78,Cancelled,2025-11-13 4:00,cmaclaren80@instagram.com,788
290,6.87,completed,2025-09-26 6:29,tmurphey81@homestead.com,789
291,19.95,completed,2024-11-21 13:25,drosenstiel82@fastcompany.com,790
292,56.97,in Progress,2025-03-24 0:30,sdrohun83@youku.com,791
293,15.99,Cancelled,2024-12-14 5:04,alegerton84@godaddy.com,792
294,45.98,Cancelled,2025-07-01 5:04,aselesnick85@hubpages.com,793
295,19.96,completed,2025-06-17 2:08,mpipkin86@ustream.tv,794
296,19.95,in Progress,2025-11-07 5:14,dchatelain87@eepurl.com,795
297,35,Cancelled,2025-04-16 5:53,heilhart88@e-recht24.de,796
298,63.96,Cancelled,2024-11-28 12:59,lcrier89@geocities.com,797
299,24.95,in Progress,2025-06-13 15:38,cpaschek8a@amazonaws.com,798
300,5.98,in Progress,2025-09-24 9:45,kdorant8b@plala.or.jp,799
301,19.95,in Progress,2025-03-19 2:16,avolette8c@bravesites.com,800
302,79.98,Cancelled,2025-06-23 4:38,dbeddie8d@bloglines.com,801
303,34.99,completed,2025-05-19 18:59,rwittey8e@constantcontact.com,802
304,14.99,in Progress,2025-08-11 4:14,rmoyse8f@pinterest.com,803
305,14.95,Cancelled,2025-03-15 19:06,ybatten8g@latimes.com,804
306,10.47,in Progress,2025-04-15 6:48,cwitard8h@nps.gov,805
307,11.97,Cancelled,2025-03-10 8:26,ijopling8i@hugedomains.com,806
308,74.95,in Progress,2025-09-28 16:59,kpenburton8j@ning.com,807
309,79.98,completed,2025-05-26 8:58,nginnelly8k@tuttocitta.it,808
310,28.95,completed,2025-07-10 8:50,cmcness8l@live.com,809
311,77.97,Cancelled,2025-04-18 13:19,cgonoude8m@paginegialle.it,810
312,74.97,in Progress,2025-09-19 11:12,gburghill8n@jigsy.com,811
313,4.99,in Progress,2025-09-26 21:39,rgrigg8o@cnet.com,812
314,9.98,completed,2025-02-01 16:25,kriccardi8p@cornell.edu,813
315,3.99,in Progress,2025-11-03 20:58,tandriuzzi8q@lulu.com,814
316,59.96,completed,2024-11-30 20:44,iduplantier8r@flavors.me,815
317,59.96,completed,2025-07-28 13:02,deite8s@sphinn.com,816
318,59.99,in Progress,2025-02-24 4:15,dallsebrook8t@360.cn,817
319,124.95,Cancelled,2025-01-29 2:54,aalbury8u@opera.com,818
320,6.87,Cancelled,2025-09-19 23:49,lglanz8v@eepurl.com,819
321,3.59,completed,2024-12-05 14:17,csprackling8w@cam.ac.uk,820
322,6.49,Cancelled,2025-05-15 5:10,xseaborne8x@prlog.org,821
323,19.95,completed,2025-05-01 13:14,lmartynov8y@163.com,822
324,19.98,in Progress,2025-11-14 0:43,udesmond8z@utexas.edu,823
325,35.97,Cancelled,2025-02-20 7:34,bhewins90@cmu.edu,824
326,18.95,completed,2025-02-15 16:18,jcron91@creativecommons.org,825
327,79.96,Cancelled,2025-01-14 5:21,sgledhall92@weather.com,826
328,14.36,in Progress,2025-05-24 13:12,gcanti93@posterous.com,827
329,51.96,completed,2025-06-01 2:35,ratrill94@seesaa.net,828
330,119.96,completed,2024-11-28 4:00,pcornfoot95@imageshack.us,829
331,79.99,Cancelled,2025-07-04 3:41,pyoule96@sfgate.com,830
332,9.96,in Progress,2024-12-11 21:09,alilburne97@github.io,831
333,139.98,Cancelled,2025-11-15 22:21,csandercock98@mtv.com,832
334,224.95,Cancelled,2025-11-10 14:13,lrivenzon99@sakura.ne.jp,833
335,9.99,in Progress,2025-08-07 4:42,kocarran9a@seattletimes.com,834
336,149.97,Cancelled,2025-02-25 23:25,jcariss9b@timesonline.co.uk,835
337,25.99,in Progress,2025-08-10 20:11,spomfrey9c@zdnet.com,836
338,119.97,Cancelled,2025-02-22 20:03,lemanulsson9d@rediff.com,837
339,22.45,in Progress,2025-06-08 4:11,fportsmouth9e@disqus.com,838
340,9.96,Cancelled,2025-09-07 17:13,mfishburn9f@hc360.com,839
341,18.36,Cancelled,2025-01-08 17:05,lchorlton9g@sitemeter.com,840
342,24.99,in Progress,2025-06-05 2:47,rbarens9h@webeden.co.uk,841
343,20.95,completed,2025-02-27 4:50,lmatthews9i@dagondesign.com,842
344,4.5,Cancelled,2025-04-08 3:33,jdoughtery9j@sciencedirect.com,843
345,599.98,Cancelled,2025-10-20 6:35,bsimonot9k@g.co,844
346,89.97,Cancelled,2025-10-10 15:31,rlaxston9l@myspace.com,845
347,99.99,completed,2025-10-10 13:41,mmelbury9m@dot.gov,846
348,114.95,in Progress,2025-08-09 11:07,taris9n@constantcontact.com,847
349,26.97,completed,2025-01-22 3:33,lmontier9o@posterous.com,848
350,99.96,completed,2025-10-16 7:42,dsoutherton9p@narod.ru,849
351,74.97,completed,2024-12-21 17:37,cpiccop9q@who.int,850
352,16.45,completed,2025-05-25 17:52,mmckee9r@hhs.gov,851
353,19.99,in Progress,2025-08-22 7:29,mlynde9s@twitpic.com,852
354,34.99,completed,2024-12-01 5:15,jriach9t@so-net.ne.jp,853
355,159.98,in Progress,2025-10-18 17:12,bcrepel9u@livejournal.com,854
356,21.45,completed,2025-04-23 1:13,nelleton9v@shop-pro.jp,855
357,25.96,in Progress,2025-04-27 16:38,gdanher9w@soundcloud.com,856
358,13.96,completed,2025-10-24 2:55,bcharlon9x@house.gov,857
359,9.98,Cancelled,2025-05-04 17:23,epatis9y@wufoo.com,858
360,14.97,completed,2025-01-03 19:00,mmaffei9z@histats.com,859
361,59.97,Cancelled,2024-12-19 14:32,apawnsforda0@sohu.com,860
362,140,Cancelled,2024-12-17 6:30,wollcotta1@ask.com,861
363,38.97,Cancelled,2025-01-06 13:33,rmcglaughna2@toplist.cz,862
364,139.96,in Progress,2025-03-26 3:06,abarkusa3@ezinearticles.com,863
365,2.59,Cancelled,2024-12-06 11:42,knoltea4@ftc.gov,864
366,3.79,Cancelled,2025-04-21 16:37,vizhaka5@livejournal.com,865
367,79.98,in Progress,2025-06-08 5:16,jrobya6@seesaa.net,866
368,4.99,completed,2025-02-03 17:15,mbatterhama7@blinklist.com,867
369,199.95,Cancelled,2025-03-22 8:10,bclarridgea8@disqus.com,868
370,4.49,completed,2025-05-29 11:27,tbeadela9@istockphoto.com,869
371,17.45,Cancelled,2025-07-17 2:36,mdelamaineaa@paginegialle.it,870
372,10.77,Cancelled,2025-06-06 22:48,bbennoughab@nature.com,871
373,59.97,completed,2025-08-21 0:30,zlandrieuac@go.com,872
374,39.98,in Progress,2024-12-24 14:58,llaurentinad@nasa.gov,873
375,49.99,in Progress,2025-05-14 6:58,lstendallae@sciencedaily.com,874
376,23.96,completed,2025-05-18 21:39,rdeclerqaf@dyndns.org,875
377,299.97,Cancelled,2025-06-18 19:52,gvennag@networkadvertising.org,876
378,2.99,in Progress,2025-07-21 17:15,hsherbourneah@biblegateway.com,877
379,27.45,Cancelled,2025-08-30 6:46,bhaydnai@rediff.com,878
380,9.95,Cancelled,2025-10-03 15:08,rhollingbyaj@spiegel.de,879
381,7.98,Cancelled,2025-09-26 5:27,fnesterak@miitbeian.gov.cn,880
382,4.47,in Progress,2025-02-16 17:08,ecringleal@mit.edu,881
383,1.79,completed,2025-04-30 19:29,focrevanam@usnews.com,882
384,134.97,completed,2025-08-13 5:43,blehrianan@hc360.com,883
385,12.98,Cancelled,2024-11-20 6:30,rocrevanao@godaddy.com,884
386,89.99,in Progress,2025-08-07 8:26,thallworthap@seattletimes.com,885
387,4.98,completed,2025-05-17 20:26,cmckewaq@w3.org,886
388,199.95,Cancelled,2025-08-11 23:06,hpoppingar@imdb.com,887
389,5.97,Cancelled,2025-08-18 13:05,hlaidelas@wikipedia.org,888
390,7.58,Cancelled,2025-11-07 12:16,edurantat@ucsd.edu,889
391,31.98,completed,2025-01-21 1:14,ebischofau@nps.gov,890
392,33.96,in Progress,2025-05-28 15:29,bgorvinav@indiegogo.com,891
393,13.78,in Progress,2025-11-01 9:51,jbendonaw@usnews.com,892
394,13.16,in Progress,2025-05-05 14:48,inewisax@ted.com,893
395,3.59,Cancelled,2025-07-28 3:24,hdunbletonay@youtube.com,894
396,14.99,Cancelled,2025-05-16 18:46,rmcinilityaz@pagesperso-orange.fr,895
397,9.96,in Progress,2025-05-18 20:51,dmandrierb0@alexa.com,896
398,7.98,in Progress,2025-07-08 14:56,bmendesb1@wiley.com,897
399,74.97,Cancelled,2025-08-04 21:18,sthickettb2@ucla.edu,898
400,74.97,in Progress,2025-03-20 8:45,klittlerb3@liveinternet.ru,899
401,22.45,in Progress,2025-07-07 1:45,mmacgiollab4@java.com,900
402,3.69,completed,2025-10-23 3:48,xtissingtonb5@bbc.co.uk,901
403,21.98,in Progress,2025-06-14 12:40,jbefroyb6@answers.com,902
404,259.98,Cancelled,2025-03-26 23:13,rpiccardb7@hud.gov,903
405,21.45,completed,2025-08-19 8:53,wfultonb8@army.mil,904
406,99.99,Cancelled,2025-02-05 2:27,hfennb9@trellian.com,905
407,24.99,in Progress,2025-10-10 22:54,jvanichkovba@psu.edu,906
408,149.95,in Progress,2025-03-20 3:40,dbufferybb@ebay.com,907
409,49.99,in Progress,2025-01-17 3:37,hgladebeckbc@mail.ru,908
410,199.96,Cancelled,2025-03-28 10:25,tspunerbd@about.me,909
411,799.96,completed,2025-01-02 8:34,hleachmanbe@mapy.cz,910
412,6.58,Cancelled,2024-11-28 11:27,dtellenbrookbf@com.com,911
413,74.97,in Progress,2025-04-03 18:31,rcloakebg@mozilla.com,912
414,149.95,completed,2025-10-22 7:05,jwroughtbh@typepad.com,913
415,59.97,completed,2025-03-09 5:12,hautybi@sun.com,914
416,22.99,completed,2025-07-04 19:49,cbrittianbj@lulu.com,915
417,64.95,Cancelled,2025-01-03 13:28,ipizzeybk@chicagotribune.com,916
418,149.97,completed,2025-01-01 14:32,mellingworthbl@smh.com.au,917
419,124.95,Cancelled,2024-12-30 3:34,rwemmbm@cloudflare.com,918
420,9.98,in Progress,2025-09-12 0:41,zsommerfeldbn@japanpost.jp,919
421,79.98,in Progress,2025-08-19 19:14,cpestorbo@sciencedaily.com,920
422,45.98,Cancelled,2025-02-10 9:35,sshinebp@ftc.gov,921
423,3.87,in Progress,2025-04-08 9:15,astrevensbq@unicef.org,922
424,239.97,completed,2024-11-22 8:32,hburnappbr@taobao.com,923
425,27.45,completed,2025-08-03 22:36,mseiterbs@wikimedia.org,924
426,119.96,Cancelled,2024-12-04 22:48,bbelfragebt@facebook.com,925
427,5.99,in Progress,2025-10-06 9:55,kfilochovbu@bluehost.com,926
428,99.98,Cancelled,2024-11-22 7:48,coldingbv@exblog.jp,927
429,23.97,Cancelled,2025-05-19 2:21,kjervoisbw@ucoz.com,928
430,44.95,in Progress,2025-05-10 14:31,kdyterbx@timesonline.co.uk,929
431,249.95,in Progress,2025-06-09 17:09,ccolumby@timesonline.co.uk,930
432,53.98,Cancelled,2025-06-04 12:23,gluisettibz@goo.gl,931
433,39.99,completed,2025-05-10 5:31,rthompsettc0@deviantart.com,932
434,114.95,completed,2025-07-12 22:00,asheehanc1@parallels.com,933
435,27.96,in Progress,2025-09-05 14:35,hgonneauc2@businessinsider.com,934
436,131.96,Cancelled,2025-05-17 22:09,sbaltzarc3@va.gov,935
437,99.98,Cancelled,2025-10-01 14:37,pkrysiakc4@ucla.edu,936
438,49.98,completed,2025-01-31 23:07,aweetchc5@g.co,937
439,2.99,completed,2025-10-06 7:11,cdownagec6@mapquest.com,938
440,89.97,in Progress,2025-09-16 23:38,hpopescuc7@biglobe.ne.jp,939
441,1.5,completed,2025-07-20 1:03,dhowlerc8@archive.org,940
442,5.97,Cancelled,2025-02-23 0:49,dloosemorec9@unblog.fr,941
443,7.98,completed,2025-11-08 12:05,lwahnerca@cnn.com,942
444,50.97,Cancelled,2025-05-26 2:35,wbaudinellicb@dailymotion.com,943
445,5.99,in Progress,2025-08-16 6:07,ekennealycc@state.gov,944
446,2699.97,completed,2025-10-03 17:52,csnookcd@goodreads.com,945
447,137.97,completed,2025-01-02 10:18,beassebyce@shutterfly.com,946
448,24.99,in Progress,2025-03-15 21:29,kthornbercf@free.fr,947
449,9.99,in Progress,2025-10-05 6:54,mpodscg@1und1.de,948
450,74.97,completed,2025-07-01 11:05,nbedowch@tripod.com,949
451,29.97,Cancelled,2025-08-08 20:10,uczyzci@un.org,950
452,23.96,in Progress,2025-02-08 18:29,jkenwellcj@zdnet.com,951
453,399.96,Cancelled,2025-04-07 11:18,tandreuccick@qq.com,952
454,19.96,completed,2025-02-08 22:14,aocanavancl@list-manage.com,953
455,79.98,Cancelled,2025-02-06 5:56,abuxamcm@geocities.jp,954
456,5.16,in Progress,2025-05-28 10:02,sdjokoviccn@cargocollective.com,955
457,49.98,completed,2025-11-16 6:40,sbrettonerco@ovh.net,956
458,6.58,Cancelled,2024-11-24 1:23,khowiecp@blogger.com,957
459,32.45,in Progress,2025-11-17 17:32,dwhyecq@nymag.com,958
460,6.58,completed,2025-04-20 13:25,bgiacobillocr@scientificamerican.com,959
461,179.97,Cancelled,2024-12-24 3:57,lbrollycs@skype.com,960
462,23.98,Cancelled,2025-03-22 7:04,jfranzettict@sciencedaily.com,961
463,13.96,completed,2025-05-16 21:51,byvenscu@amazonaws.com,962
464,59.99,Cancelled,2025-05-11 12:20,imcewancv@mayoclinic.com,963
465,6.99,Cancelled,2025-06-12 21:46,mswanboroughcw@phpbb.com,964
466,119.96,completed,2025-02-15 20:33,kbrettellecx@taobao.com,965
467,259.98,in Progress,2025-06-17 11:45,tadneycy@walmart.com,966
468,199.96,in Progress,2024-12-03 7:18,reedecz@1und1.de,967
469,89.97,Cancelled,2025-07-06 6:01,clandd0@cloudflare.com,968
470,13.96,Cancelled,2024-12-30 7:59,dkattd1@list-manage.com,969
471,269.97,in Progress,2025-03-07 11:49,rbengoughd2@nba.com,970
472,119.97,Cancelled,2025-01-14 19:12,gavramowd3@apple.com,971
473,49.99,Cancelled,2025-06-05 17:58,ncleend4@thetimes.co.uk,972
474,499.95,completed,2025-06-03 21:23,rheldd5@github.io,973
475,14.99,Cancelled,2025-07-21 16:11,lpelerind6@rambler.ru,974
476,124.95,in Progress,2025-06-24 13:07,lmciverd7@auda.org.au,975
477,239.96,in Progress,2025-02-21 19:52,htivenand8@clickbank.net,976
478,5.98,completed,2025-03-25 6:11,lcorred9@is.gd,977
479,28.95,Cancelled,2025-05-18 2:29,svibertda@domainmarket.com,978
480,19.96,completed,2025-05-10 20:53,spoundsforddb@rediff.com,979
481,79.96,Cancelled,2025-11-13 15:43,mcaurahdc@mayoclinic.com,980
482,5.98,completed,2025-06-02 21:33,jskinleydd@sitemeter.com,981
483,74.97,Cancelled,2025-10-26 20:06,wwrittlede@themeforest.net,982
484,59.97,completed,2025-01-25 19:51,scheccuzzidf@altervista.org,983
485,9.96,completed,2025-07-12 15:05,bcaughtdg@vistaprint.com,984
486,74.95,Cancelled,2025-11-10 21:25,cworleydh@senate.gov,985
487,14.99,completed,2025-08-17 14:24,jhartigandi@arstechnica.com,986
488,9.96,completed,2025-10-10 8:33,wposendj@stumbleupon.com,987
489,5.99,Cancelled,2025-03-27 20:05,ashapcottdk@artisteer.com,988
490,64.95,Cancelled,2025-05-23 12:13,kchildrensdl@addthis.com,989
491,34.95,in Progress,2025-10-27 7:58,wsummerbelldm@cyberchimps.com,990
492,149.95,in Progress,2025-10-31 13:28,swoolstondn@booking.com,991
493,69.98,in Progress,2025-10-27 8:13,ssertindo@vistaprint.com,992
494,399.95,Cancelled,2025-11-12 7:08,jbrightydp@oakley.com,993
495,24.99,Cancelled,2025-08-20 21:36,ritzhaiekdq@lulu.com,994
496,5.98,Cancelled,2025-10-27 8:30,smanjindr@sciencedaily.com,995
497,79.96,completed,2025-10-06 3:17,klemmonds@posterous.com,996
498,14.97,completed,2025-06-11 7:11,nhardwidgedt@yahoo.co.jp,997
499,119.96,completed,2025-02-09 15:11,jdensondu@merriam-webster.com,998
500,5.97,completed,2025-07-15 4:43,cgumbrelldv@sohu.com,999
,,,,,